participant_id,activity,sensor,source_file,curated_file,row_count,output_rate,start_time,first_sample_time,last_sample_time,packet_integrity,synchronization_status,inclusion_status,exclusion_reason,notes
P01,standing,pelvis,PrePilot_Test/Standing/Pelvis/ DOT_Pelvis_P01.csv,data/raw/xsens_imu/pre_pilot/standing/P01/pelvis.csv,638,60Hz,2026-09-15_17:57:29_148 GMT+8,296031958,306648837,OK,ALIGNABLE,INCLUDED,,Selected from best synchronized session cluster
P01,standing,thigh_l,PrePilot_Test/Standing/Shank_Left/DOT_Thigh_L_P01.csv,data/raw/xsens_imu/pre_pilot/standing/P01/thigh_l.csv,634,60Hz,2026-09-15_17:57:29_164 GMT+8,296031958,306582169,OK,ALIGNABLE,INCLUDED,,Selected from best synchronized session cluster
P01,standing,thigh_r,PrePilot_Test/Standing/Thigh_Right/ DOT_Thigh_R_P01.csv,data/raw/xsens_imu/pre_pilot/standing/P01/thigh_r.csv,639,60Hz,2026-09-15_17:57:29_161 GMT+8,296015291,306648837,OK,ALIGNABLE,INCLUDED,,Selected from best synchronized session cluster
P01,standing,shank_l,PrePilot_Test/Standing/Thigh_Lef/DOT_Shank_L_P01.csv,data/raw/xsens_imu/pre_pilot/standing/P01/shank_l.csv,641,60Hz,2026-09-15_17:57:29_169 GMT+8,296031958,306698838,OK,ALIGNABLE,INCLUDED,,Selected from best synchronized session cluster
P01,standing,shank_r,PrePilot_Test/Standing/Shank_Right/DOT_Shank_R_P01.csv,data/raw/xsens_imu/pre_pilot/standing/P01/shank_r.csv,641,60Hz,2026-09-15_17:57:29_167 GMT+8,296015291,306682171,OK,ALIGNABLE,INCLUDED,,Selected from best synchronized session cluster
P01,squat,pelvis,PrePilot_Test/SQUAT/Pelvis/ DOT_Pelvis_P01.csv,data/raw/xsens_imu/pre_pilot/squat/P01/pelvis.csv,618,60Hz,2026-09-15_18:03:14_302 GMT+8,641172194,651455733,OK,ALIGNABLE,INCLUDED,,Selected from best synchronized session cluster
P01,squat,thigh_l,PrePilot_Test/SQUAT/Thigh_left/DOT_Thigh_L_P01.csv,data/raw/xsens_imu/pre_pilot/squat/P01/thigh_l.csv,618,60Hz,2026-09-15_18:03:14_316 GMT+8,641172194,651455733,OK,ALIGNABLE,INCLUDED,,Selected from best synchronized session cluster
P01,squat,thigh_r,PrePilot_Test/SQUAT/Thigh right/ DOT_Thigh_R_P01.csv,data/raw/xsens_imu/pre_pilot/squat/P01/thigh_r.csv,617,60Hz,2026-09-15_18:03:14_314 GMT+8,641172194,651439066,OK,ALIGNABLE,INCLUDED,,Selected from best synchronized session cluster
P01,squat,shank_l,PrePilot_Test/SQUAT/Shank_left/DOT_Shank_L_P01.csv,data/raw/xsens_imu/pre_pilot/squat/P01/shank_l.csv,618,60Hz,2026-09-15_18:03:14_321 GMT+8,641172194,651455733,OK,ALIGNABLE,INCLUDED,,Selected from best synchronized session cluster
P01,squat,shank_r,PrePilot_Test/SQUAT/Shank_right/DOT_Shank_R_P01.csv,data/raw/xsens_imu/pre_pilot/squat/P01/shank_r.csv,617,60Hz,2026-09-15_18:03:14_319 GMT+8,641172194,651439066,OK,ALIGNABLE,INCLUDED,,Selected from best synchronized session cluster
P01,high_knee_hops,pelvis,PrePilot_Test/HIGH KNEE HOPS/PELVIS/ DOT_Pelvis_P03(1).csv,,684,60Hz,2026-09-15_17:58:36_144 GMT+8,363016631,374400192,OK,,EXCLUDED_AMBIGUOUS,Non-empty pelvis export time-aligns with P01 high_knee_hops but source filename maps to P03; participant identity cannot be established confidently,Requires manual review before assigning to P01; not copied into curated dataset
P01,high_knee_hops,thigh_l,PrePilot_Test/HIGH KNEE HOPS/LEFT KNEE/DOT_Thigh_L_P01.csv,data/raw/xsens_imu/pre_pilot/high_knee_hops/P01/thigh_l.csv,691,60Hz,2026-09-15_17:58:36_159 GMT+8,363016631,374516861,OK,ALIGNABLE,INCLUDED,,Selected from best synchronized session cluster
P01,high_knee_hops,thigh_r,PrePilot_Test/HIGH KNEE HOPS/RIGHT KNEE/ DOT_Thigh_R_P01.csv,data/raw/xsens_imu/pre_pilot/high_knee_hops/P01/thigh_r.csv,691,60Hz,2026-09-15_17:58:36_156 GMT+8,363016631,374516861,OK,ALIGNABLE,INCLUDED,,Selected from best synchronized session cluster
P01,high_knee_hops,shank_l,PrePilot_Test/HIGH KNEE HOPS/LEFT SHANK/DOT_Shank_L_P01.csv,data/raw/xsens_imu/pre_pilot/high_knee_hops/P01/shank_l.csv,691,60Hz,2026-09-15_17:58:36_164 GMT+8,363016631,374516861,OK,ALIGNABLE,INCLUDED,,Selected from best synchronized session cluster
P01,high_knee_hops,shank_r,PrePilot_Test/HIGH KNEE HOPS/RIGHT SHANK/DOT_Shank_R_P01.csv,data/raw/xsens_imu/pre_pilot/high_knee_hops/P01/shank_r.csv,691,60Hz,2026-09-15_17:58:36_162 GMT+8,363016631,374516861,OK,ALIGNABLE,INCLUDED,,Selected from best synchronized session cluster
P01,jogging,pelvis,PrePilot_Test/Jogging/PELVIS/ DOT_Pelvis_P01.csv,data/raw/xsens_imu/pre_pilot/jogging/P01/pelvis.csv,7223,60Hz,2026-09-15_18:07:21_949 GMT+8,888793813,1009162887,OK,ALIGNABLE,INCLUDED,,Selected from best synchronized session cluster
P01,jogging,thigh_l,PrePilot_Test/Jogging/Thigh_left/DOT_Thigh_L_P01.csv,data/raw/xsens_imu/pre_pilot/jogging/P01/thigh_l.csv,7218,60Hz,2026-09-15_18:07:21_965 GMT+8,888827147,1009112886,OK,ALIGNABLE,INCLUDED,,Selected from best synchronized session cluster
P01,jogging,thigh_r,PrePilot_Test/Jogging/Thigh_Right/ DOT_Thigh_R_P01.csv,data/raw/xsens_imu/pre_pilot/jogging/P01/thigh_r.csv,7223,60Hz,2026-09-15_18:07:21_962 GMT+8,888810480,1009179554,OK,ALIGNABLE,INCLUDED,,Selected from best synchronized session cluster
P01,jogging,shank_l,PrePilot_Test/Jogging/Shank_Left/DOT_Shank_L_P01.csv,,618,60Hz,2026-09-15_18:03:14_321 GMT+8,641172194,651455733,OK,NOT_SYNCHRONIZED,VALID_BUT_NOT_SYNCHRONIZED,Valid export does not belong to selected synchronized session cluster,
P01,jogging,shank_r,PrePilot_Test/Jogging/Shank_Right/DOT_Shank_R_P01.csv,data/raw/xsens_imu/pre_pilot/jogging/P01/shank_r.csv,7222,60Hz,2026-09-15_18:07:21_968 GMT+8,888827147,1009179554,OK,ALIGNABLE,INCLUDED,,Selected from best synchronized session cluster
P02,standing,pelvis,PrePilot_Test/Standing/Pelvis/ DOT_Pelvis_P02.csv,data/raw/xsens_imu/pre_pilot/standing/P02/pelvis.csv,529,60Hz,2026-09-15_18:19:32_835 GMT+8,1619718570,1628518746,OK,ALIGNABLE,INCLUDED,,Selected from best synchronized session cluster
P02,standing,thigh_l,PrePilot_Test/Standing/Shank_Left/DOT_Thigh_L_P02.csv,data/raw/xsens_imu/pre_pilot/standing/P02/thigh_l.csv,527,60Hz,2026-09-15_18:19:32_846 GMT+8,1619701903,1628468745,OK,ALIGNABLE,INCLUDED,,Selected from best synchronized session cluster
P02,standing,thigh_r,PrePilot_Test/Standing/Thigh_Right/ DOT_Thigh_R_P02.csv,,860,60Hz,2026-09-15_18:32:12_517 GMT+8,2379390771,2393707724,OK,NOT_SYNCHRONIZED,VALID_BUT_NOT_SYNCHRONIZED,Valid export does not belong to selected synchronized session cluster,
P02,standing,shank_l,PrePilot_Test/Standing/Thigh_Lef/DOT_Shank_L_P02.csv,,0,60Hz,2026-09-15_18:32:12_522 GMT+8,,,NO_DATA_ROWS,,EXCLUDED_EMPTY,Source export has metadata/header but 0 data rows,
P02,standing,shank_r,PrePilot_Test/Standing/Shank_Right/DOT_Shank_R_P02.csv,data/raw/xsens_imu/pre_pilot/standing/P02/shank_r.csv,530,60Hz,2026-09-15_18:19:32_848 GMT+8,1619701903,1628518746,OK,ALIGNABLE,INCLUDED,,Selected from best synchronized session cluster
P02,squat,pelvis,PrePilot_Test/SQUAT/Pelvis/ DOT_Pelvis_P02.csv,data/raw/xsens_imu/pre_pilot/squat/P02/pelvis.csv,680,60Hz,2026-09-15_18:20:33_379 GMT+8,1680253114,1691570007,OK,ALIGNABLE,INCLUDED,,Selected from best synchronized session cluster
P02,squat,thigh_l,PrePilot_Test/SQUAT/Thigh_left/DOT_Thigh_L_P02(1).csv,data/raw/xsens_imu/pre_pilot/squat/P02/thigh_l.csv,679,60Hz,2026-09-15_18:20:33_390 GMT+8,1680236447,1691536673,OK,ALIGNABLE,INCLUDED,,Selected from best synchronized session cluster | Other source exports: PrePilot_Test/SQUAT/Thigh_left/DOT_Thigh_L_P02.csv rows=0 start=2026-09-15_18:33:20_902 GMT+8
P02,squat,thigh_r,PrePilot_Test/SQUAT/Thigh right/ DOT_Thigh_R_P02.csv,data/raw/xsens_imu/pre_pilot/squat/P02/thigh_r.csv,680,60Hz,2026-09-15_18:20:33_388 GMT+8,1680253114,1691570007,OK,ALIGNABLE,INCLUDED,,Selected from best synchronized session cluster
P02,squat,shank_l,PrePilot_Test/SQUAT/Shank_left/DOT_Shank_L_P02.csv,data/raw/xsens_imu/pre_pilot/squat/P02/shank_l.csv,681,60Hz,2026-09-15_18:20:33_393 GMT+8,1680236447,1691570007,OK,ALIGNABLE,INCLUDED,,Selected from best synchronized session cluster
P02,squat,shank_r,PrePilot_Test/SQUAT/Shank_right/DOT_Shank_R_P02.csv,data/raw/xsens_imu/pre_pilot/squat/P02/shank_r.csv,680,60Hz,2026-09-15_18:20:33_392 GMT+8,1680253114,1691570007,OK,ALIGNABLE,INCLUDED,,Selected from best synchronized session cluster
P02,high_knee_hops,pelvis,PrePilot_Test/HIGH KNEE HOPS/PELVIS/ DOT_Pelvis_P02.csv,data/raw/xsens_imu/pre_pilot/high_knee_hops/P02/pelvis.csv,590,60Hz,2026-09-15_18:21:19_587 GMT+8,1726454038,1736270901,OK,ALIGNABLE,INCLUDED,,Selected from best synchronized session cluster
P02,high_knee_hops,thigh_l,PrePilot_Test/HIGH KNEE HOPS/LEFT KNEE/DOT_Thigh_L_P02.csv,data/raw/xsens_imu/pre_pilot/high_knee_hops/P02/thigh_l.csv,587,60Hz,2026-09-15_18:21:19_598 GMT+8,1726437371,1736204233,OK,ALIGNABLE,INCLUDED,,Selected from best synchronized session cluster
P02,high_knee_hops,thigh_r,PrePilot_Test/HIGH KNEE HOPS/RIGHT KNEE/ DOT_Thigh_R_P02.csv,data/raw/xsens_imu/pre_pilot/high_knee_hops/P02/thigh_r.csv,590,60Hz,2026-09-15_18:21:19_596 GMT+8,1726454038,1736270901,OK,ALIGNABLE,INCLUDED,,Selected from best synchronized session cluster
P02,high_knee_hops,shank_l,PrePilot_Test/HIGH KNEE HOPS/LEFT SHANK/DOT_Shank_L_P02.csv,data/raw/xsens_imu/pre_pilot/high_knee_hops/P02/shank_l.csv,589,60Hz,2026-09-15_18:21:19_601 GMT+8,1726437371,1736237567,OK,ALIGNABLE,INCLUDED,,Selected from best synchronized session cluster
P02,high_knee_hops,shank_r,PrePilot_Test/HIGH KNEE HOPS/RIGHT SHANK/DOT_Shank_R_P02.csv,data/raw/xsens_imu/pre_pilot/high_knee_hops/P02/shank_r.csv,590,60Hz,2026-09-15_18:21:19_600 GMT+8,1726454038,1736270901,OK,ALIGNABLE,INCLUDED,,Selected from best synchronized session cluster
P02,jogging,pelvis,PrePilot_Test/Jogging/PELVIS/ DOT_Pelvis_P02.csv,data/raw/xsens_imu/pre_pilot/jogging/P02/pelvis.csv,7182,60Hz,2026-09-15_18:22:23_532 GMT+8,1790405317,1910091044,OK,ALIGNABLE,INCLUDED,,Selected from best synchronized session cluster
P02,jogging,thigh_l,PrePilot_Test/Jogging/Thigh_left/DOT_Thigh_L_P02.csv,data/raw/xsens_imu/pre_pilot/jogging/P02/thigh_l.csv,7180,60Hz,2026-09-15_18:22:23_542 GMT+8,1790438651,1910091044,OK,ALIGNABLE,INCLUDED,,Selected from best synchronized session cluster
P02,jogging,thigh_r,PrePilot_Test/Jogging/Thigh_Right/ DOT_Thigh_R_P02.csv,data/raw/xsens_imu/pre_pilot/jogging/P02/thigh_r.csv,7182,60Hz,2026-09-15_18:22:23_540 GMT+8,1790405317,1910091044,OK,ALIGNABLE,INCLUDED,,Selected from best synchronized session cluster
P02,jogging,shank_l,PrePilot_Test/Jogging/Shank_Left/DOT_Shank_L_P02.csv,data/raw/xsens_imu/pre_pilot/jogging/P02/shank_l.csv,7179,60Hz,2026-09-15_18:22:23_545 GMT+8,1790455318,1910091044,OK,ALIGNABLE,INCLUDED,,Selected from best synchronized session cluster
P02,jogging,shank_r,PrePilot_Test/Jogging/Shank_Right/DOT_Shank_R_P02.csv,data/raw/xsens_imu/pre_pilot/jogging/P02/shank_r.csv,7182,60Hz,2026-09-15_18:22:23_544 GMT+8,1790405317,1910091044,OK,ALIGNABLE,INCLUDED,,Selected from best synchronized session cluster
P03,standing,pelvis,PrePilot_Test/Standing/Pelvis/ DOT_Pelvis_P03.csv,,860,60Hz,2026-09-15_18:32:12_509 GMT+8,2379374104,2393691057,OK,NOT_SYNCHRONIZED,VALID_BUT_NOT_SYNCHRONIZED,Valid export does not belong to selected synchronized session cluster,
P03,standing,thigh_l,PrePilot_Test/Standing/Shank_Left/DOT_Thigh_L_P03.csv,,0,60Hz,2026-09-15_18:32:12_519 GMT+8,,,NO_DATA_ROWS,,EXCLUDED_EMPTY,Source export has metadata/header but 0 data rows,
P03,standing,thigh_r,PrePilot_Test/Standing/Thigh_Right/ DOT_Thigh_R_P03.csv,data/raw/xsens_imu/pre_pilot/standing/P03/thigh_r.csv,529,60Hz,2026-09-15_18:19:32_844 GMT+8,1619701903,1628502079,OK,ALIGNABLE,INCLUDED,,Selected from best synchronized session cluster
P03,standing,shank_l,PrePilot_Test/Standing/Thigh_Lef/DOT_Shank_L_P03.csv,data/raw/xsens_imu/pre_pilot/standing/P03/shank_l.csv,529,60Hz,2026-09-15_18:19:32_849 GMT+8,1619701903,1628502079,OK,ALIGNABLE,INCLUDED,,Selected from best synchronized session cluster
P03,standing,shank_r,PrePilot_Test/Standing/Shank_Right/DOT_Shank_R_P03.csv,,0,60Hz,2026-09-15_18:32:12_521 GMT+8,,,NO_DATA_ROWS,,EXCLUDED_EMPTY,Source export has metadata/header but 0 data rows,
P03,squat,pelvis,PrePilot_Test/SQUAT/Pelvis/ DOT_Pelvis_P03.csv,data/raw/xsens_imu/pre_pilot/squat/P03/pelvis.csv,1583,60Hz,2026-09-15_18:33:20_891 GMT+8,2447775472,2474142666,OK,ALIGNABLE,INCLUDED,,Selected from best synchronized session cluster
P03,squat,thigh_l,,,,,,,,NOT_ASSESSED,,MISSING,No source export found,
P03,squat,thigh_r,PrePilot_Test/SQUAT/Thigh right/ DOT_Thigh_R_P03.csv,data/raw/xsens_imu/pre_pilot/squat/P03/thigh_r.csv,1584,60Hz,2026-09-15_18:33:20_900 GMT+8,2447758805,2474142666,OK,ALIGNABLE,INCLUDED,,Selected from best synchronized session cluster
P03,squat,shank_l,PrePilot_Test/SQUAT/Shank_left/DOT_Shank_L_P03.csv,,0,60Hz,2026-09-15_18:33:20_905 GMT+8,,,NO_DATA_ROWS,,EXCLUDED_EMPTY,Source export has metadata/header but 0 data rows,
P03,squat,shank_r,PrePilot_Test/SQUAT/Shank_right/DOT_Shank_R_P03.csv,,0,60Hz,2026-09-15_18:33:20_904 GMT+8,,,NO_DATA_ROWS,,EXCLUDED_EMPTY,Source export has metadata/header but 0 data rows,
P03,high_knee_hops,pelvis,PrePilot_Test/HIGH KNEE HOPS/PELVIS/ DOT_Pelvis_P03.csv,data/raw/xsens_imu/pre_pilot/high_knee_hops/P03/pelvis.csv,494,60Hz,2026-09-15_18:34:21_027 GMT+8,2507893341,2516110172,OK,ALIGNABLE,INCLUDED,,Selected from best synchronized session cluster | Other source exports: PrePilot_Test/HIGH KNEE HOPS/PELVIS/ DOT_Pelvis_P03(1).csv rows=684 start=2026-09-15_17:58:36_144 GMT+8 | Excluded duplicate pelvis export at 17:58 as ambiguous possible misnamed P01 session
P03,high_knee_hops,thigh_l,PrePilot_Test/HIGH KNEE HOPS/LEFT KNEE/DOT_Thigh_L_P03.csv,,0,60Hz,2026-09-15_18:34:21_038 GMT+8,,,NO_DATA_ROWS,,EXCLUDED_EMPTY,Source export has metadata/header but 0 data rows,Other source exports: PrePilot_Test/HIGH KNEE HOPS/RIGHT KNEE/DOT_Thigh_L_P03.csv rows=0 start=2026-09-15_18:34:21_038 GMT+8
P03,high_knee_hops,thigh_r,,,,,,,,NOT_ASSESSED,,MISSING,No source export found,
P03,high_knee_hops,shank_l,PrePilot_Test/HIGH KNEE HOPS/LEFT SHANK/DOT_Shank_L_P03.csv,,0,60Hz,2026-09-15_18:34:21_041 GMT+8,,,NO_DATA_ROWS,,EXCLUDED_EMPTY,Source export has metadata/header but 0 data rows,
P03,high_knee_hops,shank_r,PrePilot_Test/HIGH KNEE HOPS/RIGHT SHANK/DOT_Shank_R_P03.csv,,0,60Hz,2026-09-15_18:34:21_040 GMT+8,,,NO_DATA_ROWS,,EXCLUDED_EMPTY,Source export has metadata/header but 0 data rows,
P03,jogging,pelvis,,,,,,,,NOT_ASSESSED,,MISSING,No source export found,
P03,jogging,thigh_l,,,,,,,,NOT_ASSESSED,,MISSING,No source export found,
P03,jogging,thigh_r,,,,,,,,NOT_ASSESSED,,MISSING,No source export found,
P03,jogging,shank_l,,,,,,,,NOT_ASSESSED,,MISSING,No source export found,
P03,jogging,shank_r,,,,,,,,NOT_ASSESSED,,MISSING,No source export found,
