filename,activity,device_tag,channel,f90_hz,f95_hz,f98_hz,power_fraction_gt_6hz,power_fraction_gt_8hz,power_fraction_gt_10hz
SHANK_L_JOGGING.csv,JOGGING,DOT_Shank_L,Acc_X,17.9296875,23.203125,26.953125,0.34960426168766495,0.31878582047127807,0.2573434682730694
SHANK_L_JOGGING.csv,JOGGING,DOT_Shank_L,Acc_Y,26.6015625,28.2421875,29.296875,0.551324190728629,0.5293825277983095,0.4763164274445657
SHANK_L_JOGGING.csv,JOGGING,DOT_Shank_L,Acc_Z,22.6171875,26.25,28.59375,0.5117230997556436,0.4322287106183068,0.3395105818514856
SHANK_L_JOGGING.csv,JOGGING,DOT_Shank_L,Gyr_X,27.65625,28.828125,29.53125,0.6646719133818833,0.5973147000112595,0.49168275659718097
SHANK_L_JOGGING.csv,JOGGING,DOT_Shank_L,Gyr_Y,2.9296875,4.1015625,5.7421875,0.017699864504207984,0.012402496828978942,0.008913534142440735
SHANK_L_JOGGING.csv,JOGGING,DOT_Shank_L,Gyr_Z,2.9296875,4.21875,5.7421875,0.017566192925582754,0.011065224733374795,0.009717392649649324
SHANK_L_SQUAT.csv,SQUAT,DOT_Shank_L,Acc_X,0.8203125,6.6796875,13.359375,0.05285940936329828,0.04165898875237502,0.030382308763538108
SHANK_L_SQUAT.csv,SQUAT,DOT_Shank_L,Acc_Y,0.5859375,1.0546875,4.453125,0.015659861016042956,0.011103203295597103,0.006966281535012452
SHANK_L_SQUAT.csv,SQUAT,DOT_Shank_L,Acc_Z,15.1171875,19.3359375,25.6640625,0.3814171028762218,0.23103376326988567,0.14823939227376065
SHANK_L_SQUAT.csv,SQUAT,DOT_Shank_L,Gyr_X,8.3203125,9.375,11.8359375,0.19736375252125862,0.10897128873262876,0.030058857247954332
SHANK_L_SQUAT.csv,SQUAT,DOT_Shank_L,Gyr_Y,3.28125,4.5703125,5.9765625,0.017353726406987107,0.008378743795743309,0.004609435413810089
SHANK_L_SQUAT.csv,SQUAT,DOT_Shank_L,Gyr_Z,1.171875,1.2890625,2.4609375,0.0015610209871629542,0.0005347967400351175,0.00025965361537938904
SHANK_L_STANDING.csv,STANDING,DOT_Shank_L,Acc_X,25.078125,27.0703125,28.9453125,0.8462141252022761,0.7727279067124992,0.6952999075723066
SHANK_L_STANDING.csv,STANDING,DOT_Shank_L,Acc_Y,21.796875,25.3125,27.65625,0.5179418354289116,0.4950944940648955,0.38003969855457004
SHANK_L_STANDING.csv,STANDING,DOT_Shank_L,Acc_Z,23.0859375,26.015625,28.7109375,0.6913458581302898,0.6205981446975362,0.4308853990650325
SHANK_L_STANDING.csv,STANDING,DOT_Shank_L,Gyr_X,15.703125,20.5078125,26.953125,0.4636531485382516,0.4220529239279479,0.3434726821103958
SHANK_L_STANDING.csv,STANDING,DOT_Shank_L,Gyr_Y,9.0234375,16.171875,24.609375,0.1491067857349482,0.1144782633240958,0.07777343644395071
SHANK_L_STANDING.csv,STANDING,DOT_Shank_L,Gyr_Z,9.140625,11.25,19.21875,0.15907503116986896,0.13626644446487465,0.05948314577294298
SHANK_R_JOGGING.csv,JOGGING,DOT_Shank_R,Acc_X,14.4140625,19.3359375,24.84375,0.26722151204710487,0.25188283662101424,0.18337022708064019
SHANK_R_JOGGING.csv,JOGGING,DOT_Shank_R,Acc_Y,15.9375,19.3359375,23.0859375,0.4063486148792415,0.36220172056588157,0.28340917898421075
SHANK_R_JOGGING.csv,JOGGING,DOT_Shank_R,Acc_Z,22.3828125,25.4296875,27.890625,0.4301911142918999,0.37969420122417774,0.3103041265659574
SHANK_R_JOGGING.csv,JOGGING,DOT_Shank_R,Gyr_X,10.1953125,14.4140625,19.1015625,0.19503209095533441,0.1625006568724462,0.10122967108007844
SHANK_R_JOGGING.csv,JOGGING,DOT_Shank_R,Gyr_Y,3.046875,4.3359375,10.078125,0.03256021155163671,0.025838585260943646,0.019409555072680145
SHANK_R_JOGGING.csv,JOGGING,DOT_Shank_R,Gyr_Z,3.046875,4.21875,5.859375,0.018409529487380588,0.011980212876392358,0.009958868311616291
SHANK_R_SQUAT.csv,SQUAT,DOT_Shank_R,Acc_X,3.75,14.0625,20.390625,0.09536186933312361,0.08618448581503094,0.077664743236791
SHANK_R_SQUAT.csv,SQUAT,DOT_Shank_R,Acc_Y,0.5859375,0.8203125,3.984375,0.017721490304790626,0.01524303315321662,0.011271424547991562
SHANK_R_SQUAT.csv,SQUAT,DOT_Shank_R,Acc_Z,10.546875,14.53125,19.8046875,0.20960880491847966,0.1435423404427517,0.10729657385939899
SHANK_R_SQUAT.csv,SQUAT,DOT_Shank_R,Gyr_X,9.375,11.25,14.0625,0.1594672291542149,0.12517599590194323,0.07970812201527877
SHANK_R_SQUAT.csv,SQUAT,DOT_Shank_R,Gyr_Y,3.046875,4.1015625,5.625,0.016020724508737882,0.009081226239937283,0.005371195343230983
SHANK_R_SQUAT.csv,SQUAT,DOT_Shank_R,Gyr_Z,1.0546875,1.2890625,2.2265625,0.000960581428752948,0.0004964996381527446,0.00029935607694488994
SHANK_R_STANDING.csv,STANDING,DOT_Shank_R,Acc_X,27.3046875,28.59375,29.6484375,0.8606950832766815,0.7984513652558566,0.7412459384367939
SHANK_R_STANDING.csv,STANDING,DOT_Shank_R,Acc_Y,21.9140625,26.25,28.4765625,0.6361982657886117,0.5421105567128416,0.44051280316483143
SHANK_R_STANDING.csv,STANDING,DOT_Shank_R,Acc_Z,21.328125,25.1953125,28.2421875,0.6962778135908549,0.6071467720804536,0.48596012242539516
SHANK_R_STANDING.csv,STANDING,DOT_Shank_R,Gyr_X,15.8203125,18.6328125,25.3125,0.6288352992112366,0.5344371182376783,0.41244780791790436
SHANK_R_STANDING.csv,STANDING,DOT_Shank_R,Gyr_Y,7.96875,12.7734375,21.4453125,0.1461071275443532,0.0966610406433422,0.07188808611142897
SHANK_R_STANDING.csv,STANDING,DOT_Shank_R,Gyr_Z,8.671875,12.421875,20.5078125,0.1829283339402247,0.10708869825105624,0.06661315793751042
THIGH__L_JOGGING.csv,JOGGING,DOT_Thigh_L,Acc_X,23.5546875,26.484375,28.7109375,0.30804838388308436,0.29376237470474315,0.27395428416469936
THIGH__L_JOGGING.csv,JOGGING,DOT_Thigh_L,Acc_Y,20.9765625,24.84375,27.890625,0.5627400579333925,0.47311716671487003,0.3304254313643921
THIGH__L_JOGGING.csv,JOGGING,DOT_Thigh_L,Acc_Z,23.5546875,26.25,28.2421875,0.8190415116857904,0.6844052711639191,0.5847259931161298
THIGH__L_JOGGING.csv,JOGGING,DOT_Thigh_L,Gyr_X,22.96875,25.1953125,28.2421875,0.4949934982023587,0.4122873963042333,0.34126133976302425
THIGH__L_JOGGING.csv,JOGGING,DOT_Thigh_L,Gyr_Y,26.3671875,28.359375,29.1796875,0.5230196479843452,0.4441196790997612,0.41950955864216066
THIGH__L_JOGGING.csv,JOGGING,DOT_Thigh_L,Gyr_Z,4.1015625,4.3359375,10.1953125,0.02874412715819118,0.02528933403695058,0.02003551292711796
THIGH__R_JOGGING.csv,JOGGING,DOT_Thigh_R,Acc_X,19.8046875,25.1953125,28.125,0.39095974681793844,0.36946145257239704,0.31211696303761255
THIGH__R_JOGGING.csv,JOGGING,DOT_Thigh_R,Acc_Y,12.1875,15.1171875,21.4453125,0.24003076497583148,0.19176321811387276,0.15165444102424516
THIGH__R_JOGGING.csv,JOGGING,DOT_Thigh_R,Acc_Z,21.796875,24.7265625,27.5390625,0.7792041441090525,0.601488776547917,0.40176183609289307
THIGH__R_JOGGING.csv,JOGGING,DOT_Thigh_R,Gyr_X,8.90625,14.0625,20.859375,0.1799806984714211,0.10910429845522164,0.09009005061015947
THIGH__R_JOGGING.csv,JOGGING,DOT_Thigh_R,Gyr_Y,16.9921875,22.6171875,26.953125,0.219940818711542,0.1808216385811511,0.16471273324476066
THIGH__R_JOGGING.csv,JOGGING,DOT_Thigh_R,Gyr_Z,4.3359375,6.796875,12.421875,0.05186060466672072,0.04295647024171344,0.030656793519374677
THIGH_L_SQUAT.csv,SQUAT,DOT_Thigh_L,Acc_X,0.703125,0.9375,2.4609375,0.009674196741817614,0.007269678699533873,0.005539320228150326
THIGH_L_SQUAT.csv,SQUAT,DOT_Thigh_L,Acc_Y,0.5859375,0.703125,4.5703125,0.015527509394352906,0.00556496127259112,0.002649569936725152
THIGH_L_SQUAT.csv,SQUAT,DOT_Thigh_L,Acc_Z,1.875,7.3828125,18.046875,0.058935613603517685,0.04775923064241505,0.0423573082073812
THIGH_L_SQUAT.csv,SQUAT,DOT_Thigh_L,Gyr_X,7.96875,11.3671875,17.8125,0.2051155476968043,0.09264139428152039,0.0637140670599009
THIGH_L_SQUAT.csv,SQUAT,DOT_Thigh_L,Gyr_Y,1.9921875,4.453125,12.1875,0.04087818657342365,0.03494599727174857,0.02856175970288502
THIGH_L_SQUAT.csv,SQUAT,DOT_Thigh_L,Gyr_Z,0.703125,0.8203125,1.171875,0.0015558448011901273,0.0009194255254136129,0.0003570170637611129
THIGH_L_STANDING.csv,STANDING,DOT_Thigh_L,Acc_X,25.1953125,26.953125,28.359375,0.837049370204887,0.7067767442216427,0.6194664952906466
THIGH_L_STANDING.csv,STANDING,DOT_Thigh_L,Acc_Y,8.203125,9.375,12.421875,0.1941178046686755,0.10175025049778458,0.030721793492686566
THIGH_L_STANDING.csv,STANDING,DOT_Thigh_L,Acc_Z,18.28125,23.7890625,27.7734375,0.5909847751823996,0.45972473338724396,0.2263151593102007
THIGH_L_STANDING.csv,STANDING,DOT_Thigh_L,Gyr_X,7.96875,9.2578125,11.3671875,0.1472532856215624,0.0927142432111603,0.03603944056836253
THIGH_L_STANDING.csv,STANDING,DOT_Thigh_L,Gyr_Y,14.296875,20.0390625,25.546875,0.5462630069168709,0.4511299488412967,0.21668157668570193
THIGH_L_STANDING.csv,STANDING,DOT_Thigh_L,Gyr_Z,9.140625,9.609375,11.6015625,0.18160509354868995,0.13286829567953748,0.034145633452312356
THIGH_R_SQUAT.csv,SQUAT,DOT_Thigh_R,Acc_X,1.40625,3.6328125,9.4921875,0.03477618773620444,0.023879496096550254,0.0182099281844626
THIGH_R_SQUAT.csv,SQUAT,DOT_Thigh_R,Acc_Y,0.5859375,0.703125,1.9921875,0.012159695127555187,0.007165629681236059,0.0033415904393070714
THIGH_R_SQUAT.csv,SQUAT,DOT_Thigh_R,Acc_Z,17.6953125,23.7890625,27.7734375,0.2727357417474352,0.2508164296142505,0.2372084025012537
THIGH_R_SQUAT.csv,SQUAT,DOT_Thigh_R,Gyr_X,13.125,16.640625,22.3828125,0.3059536998855983,0.24719515786498758,0.1995978099314682
THIGH_R_SQUAT.csv,SQUAT,DOT_Thigh_R,Gyr_Y,13.4765625,16.7578125,22.6171875,0.2874440528085038,0.259976922768819,0.22380584868435682
THIGH_R_SQUAT.csv,SQUAT,DOT_Thigh_R,Gyr_Z,0.8203125,0.9375,1.171875,0.0019010421926888281,0.001191150972081841,0.000600462169815305
THIGH_R_STANDING.csv,STANDING,DOT_Thigh_R,Acc_X,27.5390625,28.359375,29.0625,0.7754033767958862,0.7075188251453155,0.6307086818719122
THIGH_R_STANDING.csv,STANDING,DOT_Thigh_R,Acc_Y,10.546875,13.2421875,22.1484375,0.4232173142652327,0.17823214967829468,0.1163500219345697
THIGH_R_STANDING.csv,STANDING,DOT_Thigh_R,Acc_Z,21.5625,24.7265625,27.5390625,0.5671267655672673,0.5219967438149259,0.42382096196427993
THIGH_R_STANDING.csv,STANDING,DOT_Thigh_R,Gyr_X,12.421875,17.109375,22.3828125,0.4021972842100275,0.22633147219086885,0.15965831333357092
THIGH_R_STANDING.csv,STANDING,DOT_Thigh_R,Gyr_Y,19.8046875,24.609375,27.3046875,0.6919022114886961,0.596914449552066,0.5057527312906186
THIGH_R_STANDING.csv,STANDING,DOT_Thigh_R,Gyr_Z,9.4921875,13.125,17.6953125,0.24590535929872914,0.13764504029890914,0.093215425119309
