sep=,
DeviceTag:,DOT_Shank_R
FirmwareVersion:,2.2.1
AppVersion:,2023.6.0
SyncStatus:,Synced
OutputRate:,60Hz
FilterProfile:,Dynamic
Measurement Mode:,Custom modes - custom mode5
StartTime: ,2026-09-15_17:57:29_167 GMT+8
© Movella Technologies B. V. 2005-2026

PacketCounter,SampleTimeFine,Acc_X,Acc_Y,Acc_Z,Gyr_X,Gyr_Y,Gyr_Z,Quat_W,Quat_X,Quat_Y,Quat_Z
1,296015291,1.407529,9.716488,-1.354121,4.749603,11.785684,-2.893456,0.652357,0.715346,-0.218133,-0.123004,
2,296031958,1.221250,9.722766,-1.137684,4.081856,16.790585,-5.228980,0.652461,0.716132,-0.215872,-0.121862,
3,296048625,1.035122,9.693016,-1.052440,3.616012,17.142862,-6.635746,0.652595,0.716919,-0.213422,-0.120832,
4,296065292,1.051311,9.733160,-1.069036,3.329944,18.572237,-7.157557,0.652788,0.717714,-0.210774,-0.119710,
5,296081959,1.075053,9.663757,-1.069744,3.210385,20.608828,-7.228019,0.653048,0.718529,-0.207922,-0.118384,
6,296098626,0.698016,9.779470,-0.790968,1.734976,23.569618,-7.294115,0.653544,0.719247,-0.204754,-0.116798,
7,296115293,0.699103,9.737404,-0.698215,0.265681,26.141212,-7.465456,0.654257,0.719864,-0.201296,-0.115002,
8,296131960,0.715443,9.810074,-0.643351,-0.143636,25.560186,-7.580686,0.654984,0.720425,-0.197870,-0.113288,
9,296148627,1.128159,9.707388,-0.899743,1.558299,21.733715,-6.859362,0.655425,0.721054,-0.194910,-0.111855,
10,296165294,1.262930,9.567158,-1.241263,3.773366,21.638231,-6.513091,0.655630,0.721874,-0.192030,-0.110336,
11,296181961,1.214076,9.482196,-1.367648,4.356825,23.407730,-6.439699,0.655816,0.722768,-0.188995,-0.108606,
12,296198628,0.595688,9.677885,-1.460998,4.136724,26.222649,-6.140212,0.656097,0.723667,-0.185718,-0.106556,
13,296215295,0.414602,9.944307,-1.412822,2.326090,17.425676,-4.678843,0.656347,0.724208,-0.183403,-0.105340,
14,296231962,0.543415,10.010861,-1.295366,0.015592,6.551941,-2.702217,0.656577,0.724307,-0.182298,-0.105142,
15,296248629,0.807574,10.015202,-1.568092,-1.815197,0.424921,-0.795441,0.656867,0.724086,-0.181951,-0.105455,
16,296265296,1.194242,9.867119,-1.621437,-2.142221,-1.413795,0.504026,0.657162,0.723771,-0.181912,-0.105847,
17,296281963,1.140638,9.887943,-1.399951,-1.932593,-0.749364,0.850438,0.657457,0.723477,-0.181848,-0.106131,
18,296298630,0.887889,9.924096,-1.290369,-2.228061,-2.259655,1.426602,0.657753,0.723116,-0.181985,-0.106525,
19,296315297,0.965703,9.894345,-1.324922,-2.090227,-4.420714,2.832976,0.657998,0.722697,-0.182479,-0.107009,
20,296331964,0.985927,9.807343,-1.546288,-1.176660,-7.787119,4.608987,0.658084,0.722265,-0.183496,-0.107653,
21,296348631,0.661825,9.861203,-1.334596,-3.330511,-9.477024,5.342959,0.658362,0.721580,-0.184718,-0.108461,
22,296365298,0.730745,9.834109,-1.219994,-6.359752,-9.177905,5.466265,0.658966,0.720603,-0.185875,-0.109307,
23,296381965,0.931860,9.891329,-1.198101,-6.929430,-10.457952,5.677436,0.659595,0.719544,-0.187168,-0.110281,
24,296398632,0.958971,9.893756,-1.192034,-6.903640,-12.812290,5.673839,0.660155,0.718445,-0.188685,-0.111501,
25,296415299,0.953481,9.877615,-1.162531,-6.933441,-14.105696,5.907069,0.660682,0.717312,-0.190350,-0.112835,
26,296431966,0.918915,9.782927,-1.079962,-6.718577,-14.674298,6.486275,0.661176,0.716170,-0.192132,-0.114165,
27,296448633,0.796548,9.785314,-0.908131,-6.407073,-13.374900,6.853983,0.661676,0.715065,-0.193831,-0.115315,
28,296465300,0.844275,9.722426,-0.768469,-6.319887,-12.612881,7.598582,0.662198,0.713956,-0.195535,-0.116311,
29,296481967,0.794386,9.739689,-0.609912,-5.996307,-7.933038,7.824574,0.662820,0.712948,-0.196816,-0.116789,
30,296498634,0.925315,9.687693,-0.613448,-5.465343,-3.545581,8.473089,0.663522,0.712046,-0.197750,-0.116735,
31,296515301,0.908321,9.722149,-0.684525,-3.706043,-0.957211,9.459266,0.664131,0.711327,-0.198566,-0.116267,
32,296531968,0.937833,9.719993,-0.735986,-2.603647,0.018563,10.248651,0.664667,0.710707,-0.199387,-0.115589,
33,296548635,0.953642,9.791241,-0.822227,-2.073567,0.363771,10.968124,0.665169,0.710121,-0.200258,-0.114791,
34,296565302,1.053405,9.785871,-0.879793,-1.898735,-0.105435,11.490613,0.665646,0.709529,-0.201231,-0.113985,
35,296581969,1.020357,9.807422,-0.843140,-2.160125,-0.393424,11.537430,0.666141,0.708903,-0.202232,-0.113212,
36,296598636,1.087128,9.772105,-0.809081,-2.487225,-1.630300,11.641535,0.666634,0.708220,-0.203357,-0.112565,
37,296615303,1.144576,9.790701,-0.808149,-2.529166,-2.039130,11.522602,0.667116,0.707528,-0.204509,-0.111973,
38,296631970,1.239669,9.778872,-0.845373,-1.996165,-2.490670,11.260737,0.667523,0.706887,-0.205686,-0.111437,
39,296648637,1.321990,9.789070,-0.879266,-1.422722,-3.438352,10.651910,0.667832,0.706303,-0.206901,-0.111040,
40,296665304,1.400770,9.790567,-1.000612,-0.419024,-5.698521,10.154435,0.667960,0.705794,-0.208300,-0.110893,
41,296681971,1.386675,9.812175,-0.991919,0.891508,-8.905016,10.398398,0.667859,0.705350,-0.210057,-0.111012,
42,296698638,1.291767,9.745074,-0.948970,1.577648,-12.599566,10.925050,0.667580,0.704895,-0.212236,-0.111437,
43,296715305,1.021538,9.785410,-0.688954,1.088100,-11.928534,11.221651,0.667373,0.704390,-0.214371,-0.111778,
44,296731972,1.026020,9.723798,-0.510869,-0.947991,-7.363822,11.171800,0.667514,0.703761,-0.216025,-0.111721,
45,296748639,1.157290,9.752533,-0.660085,-1.452894,-7.086565,11.668698,0.667721,0.703068,-0.217694,-0.111602,
46,296765306,1.284869,9.742186,-0.752578,-1.081369,-6.867562,11.766565,0.667896,0.702411,-0.219356,-0.111439,
47,296781973,1.391712,9.725727,-0.783710,-1.278356,-8.216675,11.900482,0.668049,0.701705,-0.221160,-0.111406,
48,296798640,1.475616,9.712061,-0.843578,-0.795121,-7.802299,11.880836,0.668162,0.701051,-0.222928,-0.111318,
49,296815307,1.438699,9.795054,-0.790492,-0.583227,-7.379523,11.824309,0.668265,0.700424,-0.224652,-0.111184,
50,296831974,1.311444,9.805753,-0.739788,-1.104856,-6.660331,11.809902,0.668441,0.699757,-0.226295,-0.110996,
51,296848641,1.478798,9.746118,-0.739027,-1.923566,-5.343811,11.339204,0.668735,0.699044,-0.227748,-0.110745,
52,296865308,1.551999,9.763680,-0.845198,-2.073490,-5.480659,10.640961,0.669026,0.698335,-0.229141,-0.110581,
53,296881975,1.712241,9.745755,-0.896845,-1.938396,-6.349250,9.562500,0.669256,0.697660,-0.230510,-0.110606,
54,296898642,1.774956,9.675132,-0.865673,-1.853451,-6.326365,8.127918,0.669453,0.697040,-0.231733,-0.110764,
55,296915309,1.826298,9.682406,-0.849987,-1.294146,-4.975358,6.329136,0.669610,0.696556,-0.232650,-0.110942,
56,296931976,1.700011,9.711505,-0.787196,-0.889798,-4.258510,4.611778,0.669721,0.696181,-0.233330,-0.111201,
57,296948643,1.604284,9.756146,-0.818633,-0.524215,-6.795985,3.348612,0.669688,0.695842,-0.234135,-0.111827,
58,296965310,1.569651,9.772330,-0.875668,-0.474309,-13.265491,2.942741,0.669421,0.695415,-0.235529,-0.113145,
59,296981977,1.493760,9.833482,-0.903257,-1.212097,-17.427925,3.783685,0.669096,0.694815,-0.237400,-0.114828,
60,296998644,1.498381,9.779788,-0.772252,-0.879772,-18.986513,5.323254,0.668705,0.694163,-0.239582,-0.116506,
61,297015311,1.561120,9.724960,-0.752444,-0.472388,-18.705557,6.534609,0.668298,0.693508,-0.241864,-0.118022,
62,297031978,1.572495,9.708458,-0.718369,0.095222,-16.765398,7.483213,0.667912,0.692902,-0.244061,-0.119229,
63,297048645,1.640863,9.724065,-0.720408,0.741277,-14.528624,7.985451,0.667546,0.692376,-0.246101,-0.120139,
64,297065312,1.554339,9.722261,-0.759570,1.439403,-13.332009,8.327046,0.667155,0.691923,-0.248071,-0.120870,
65,297081979,1.547659,9.693503,-0.737951,1.099138,-12.830195,9.048265,0.666826,0.691417,-0.250057,-0.121491,
66,297098646,1.678859,9.706934,-0.657417,1.546006,-10.389050,9.268497,0.666542,0.690986,-0.251835,-0.121829,
67,297115313,1.811121,9.631767,-0.749692,2.465575,-4.646465,8.944963,0.666368,0.690756,-0.253039,-0.121588,
68,297131980,1.666965,9.727970,-0.734455,3.102358,-1.197894,8.412128,0.666247,0.690667,-0.253867,-0.121027,
69,297148647,1.697799,9.681479,-0.797563,3.193911,-0.944994,8.451919,0.666126,0.690590,-0.254676,-0.120434,
70,297165314,1.743190,9.684846,-0.821741,3.185497,-0.356414,8.032434,0.666020,0.690537,-0.255385,-0.119823,
71,297181981,1.758661,9.714059,-0.798723,3.297796,2.328944,7.200212,0.665987,0.690572,-0.255752,-0.119019,
72,297198648,1.858957,9.663320,-0.860155,3.032627,3.737143,6.419843,0.666019,0.690634,-0.255899,-0.118158,
73,297215315,1.840119,9.709506,-0.850543,2.949553,7.701133,5.111330,0.666184,0.690804,-0.255530,-0.117029,
74,297231982,1.808101,9.733547,-0.865473,2.393257,5.969893,4.749447,0.666333,0.690903,-0.255282,-0.116129,
75,297248649,1.821655,9.720371,-0.868845,2.107279,5.190383,4.284692,0.666474,0.690978,-0.255058,-0.115364,
76,297265316,1.821486,9.732026,-0.873735,1.512103,3.609976,3.811458,0.666608,0.690987,-0.254929,-0.114825,
77,297281983,1.867400,9.693548,-0.925035,1.241390,2.764450,3.413796,0.666731,0.690969,-0.254838,-0.114420,
78,297298650,1.838462,9.697079,-0.847060,1.146059,1.817445,2.793827,0.666817,0.690949,-0.254775,-0.114173,
79,297315317,1.893520,9.687289,-0.785126,1.113723,2.184795,1.991701,0.666908,0.690962,-0.254595,-0.113968,
80,297331984,1.906060,9.695153,-0.789328,1.478602,6.214826,1.049705,0.667095,0.691112,-0.253935,-0.113437,
81,297348651,1.896798,9.652115,-0.788082,1.774506,7.291623,0.449433,0.667281,0.691330,-0.253115,-0.112844,
82,297365318,1.916399,9.671463,-0.763714,1.796200,12.593099,-1.021422,0.667635,0.691689,-0.251632,-0.111859,
83,297381985,1.762696,9.696897,-0.744898,1.248178,15.388937,-2.162060,0.668125,0.692080,-0.249753,-0.110724,
84,297398652,1.547789,9.828234,-0.689478,0.530113,11.561163,-1.254460,0.668560,0.692303,-0.248325,-0.109912,
85,297415319,1.768459,9.736193,-0.857434,0.687413,7.420789,-0.489011,0.668841,0.692446,-0.247379,-0.109436,
86,297431986,1.732407,9.690842,-0.789075,0.039424,8.641912,-1.077539,0.669220,0.692566,-0.246244,-0.108918,
87,297448653,1.579758,9.826709,-0.676207,-0.959298,8.404880,-0.743242,0.669696,0.692572,-0.245149,-0.108426,
88,297465320,1.661650,9.787473,-0.767547,-0.675010,4.051577,0.333804,0.670004,0.692497,-0.244591,-0.108258,
89,297481987,1.720181,9.673939,-0.804416,-0.824586,2.982951,0.256956,0.670287,0.692394,-0.244127,-0.108210,
90,297498654,1.734262,9.712322,-0.717690,-1.645680,3.522214,-0.387059,0.670662,0.692242,-0.243533,-0.108200,
91,297515321,1.739545,9.748368,-0.718776,-1.771849,7.190121,-1.125473,0.671168,0.692160,-0.242504,-0.107898,
92,297531988,1.815395,9.728498,-0.726278,-2.007332,6.036037,-1.319848,0.671652,0.692044,-0.241564,-0.107738,
93,297548655,1.652932,9.739126,-0.672230,-2.445436,6.589258,-1.726706,0.672193,0.691906,-0.240523,-0.107578,
94,297565322,1.672232,9.721535,-0.647783,-2.883875,7.275615,-2.247630,0.672793,0.691754,-0.239354,-0.107414,
95,297581989,1.716808,9.761858,-0.716960,-2.267621,7.032282,-2.079572,0.673324,0.691651,-0.238235,-0.107237,
96,297598656,1.518081,9.816558,-0.668992,-1.882035,6.528711,-1.598143,0.673805,0.691561,-0.237220,-0.107050,
97,297615323,1.533685,9.736731,-0.738073,-1.687237,4.745644,-0.680030,0.674218,0.691429,-0.236474,-0.106946,
98,297631990,1.662836,9.706235,-0.665258,-1.841284,4.558299,-0.313538,0.674646,0.691266,-0.235782,-0.106830,
99,297648657,1.222405,9.856516,-0.445191,-2.400897,6.418205,-0.307212,0.675193,0.691077,-0.234898,-0.106545,
100,297665324,1.663043,9.785635,-0.386569,-1.896211,4.100561,0.610203,0.675624,0.690869,-0.234342,-0.106386,
101,297681991,1.562418,9.790373,-0.511717,0.252676,2.289692,1.977819,0.675799,0.690797,-0.234134,-0.106201,
102,297698658,1.568611,9.779737,-0.549232,0.580646,-2.704522,3.436155,0.675792,0.690631,-0.234569,-0.106364,
103,297715325,1.818245,9.668706,-0.766258,0.824863,-3.294587,4.681918,0.675761,0.690437,-0.235190,-0.106454,
104,297731992,1.781265,9.660190,-0.780230,1.411753,-1.304122,5.003025,0.675743,0.690320,-0.235658,-0.106294,
105,297748659,1.768663,9.684978,-0.744082,1.666356,-1.091204,5.612313,0.675716,0.690210,-0.236169,-0.106043,
106,297765326,1.768419,9.735995,-0.721110,2.280766,-2.329232,6.007902,0.675590,0.690128,-0.236851,-0.105857,
107,297781993,1.682069,9.731570,-0.696500,2.289488,-3.092132,6.398470,0.675443,0.690021,-0.237648,-0.105708,
108,297798660,1.799513,9.727836,-0.701537,2.385471,-4.827277,6.584546,0.675228,0.689889,-0.238635,-0.105712,
109,297815327,2.142612,9.668534,-0.812540,2.881141,-4.685678,6.399058,0.674966,0.689815,-0.239596,-0.105703,
110,297831994,2.191819,9.621873,-0.974872,3.323626,-3.408641,5.646903,0.674691,0.689829,-0.240364,-0.105623,
111,297848661,2.023453,9.632677,-0.869487,2.651228,-2.040461,4.244057,0.674509,0.689846,-0.240846,-0.105568,
112,297865328,2.011797,9.673211,-0.790623,2.093534,-2.135600,3.051379,0.674362,0.689849,-0.241209,-0.105659,
113,297881995,1.862517,9.737413,-0.773364,2.058448,-1.727525,2.142586,0.674219,0.689887,-0.241440,-0.105798,
114,297898662,1.804197,9.749958,-0.712056,1.418873,-4.205657,1.204918,0.674038,0.689857,-0.241810,-0.106301,
115,297915329,2.144036,9.666699,-0.806953,0.566598,-6.444911,0.155719,0.673847,0.689745,-0.242281,-0.107162,
116,297931996,2.299533,9.557136,-1.163713,-0.610696,-5.790750,-1.070432,0.673777,0.689570,-0.242547,-0.108118,
117,297948663,2.066216,9.603567,-1.092496,-0.148477,-2.797547,-2.454811,0.673745,0.689536,-0.242387,-0.108893,
118,297965330,1.667791,9.750239,-0.735651,-0.230873,1.774928,-3.528573,0.673864,0.689604,-0.241671,-0.109318,
119,297981997,1.499399,9.858029,-0.468456,-0.918894,2.602270,-3.861896,0.674076,0.689629,-0.240828,-0.109717,
120,297998664,1.560987,9.811189,-0.427809,-0.869590,1.297021,-3.684541,0.674239,0.689631,-0.240132,-0.110227,
121,298015331,1.618177,9.782948,-0.494053,-0.294188,1.135097,-3.626976,0.674340,0.689684,-0.239467,-0.110727,
122,298031998,1.706286,9.755651,-0.560980,0.429659,2.864185,-3.594769,0.674427,0.689834,-0.238647,-0.111026,
123,298048665,1.873634,9.706235,-0.675897,1.786762,2.214801,-3.577980,0.674356,0.690106,-0.237914,-0.111341,
124,298065332,1.804642,9.723834,-0.829592,2.370526,3.212416,-3.598201,0.674260,0.690451,-0.237090,-0.111538,
125,298081999,1.827611,9.717162,-0.884126,2.701480,3.459322,-3.523296,0.674140,0.690830,-0.236255,-0.111691,
126,298098666,2.177315,9.640955,-1.264741,4.205663,3.812982,-2.552190,0.673896,0.691328,-0.235507,-0.111661,
127,298115333,2.499530,9.553262,-1.643639,7.443327,2.930061,-0.106664,0.673336,0.692044,-0.235144,-0.111370,
128,298132000,1.828629,9.563501,-1.312937,8.703818,2.741513,0.993907,0.672659,0.692843,-0.234930,-0.110946,
129,298148667,0.616446,9.750973,0.047391,3.232265,5.170020,-2.084964,0.672566,0.693250,-0.234080,-0.110766,
130,298165334,0.539931,10.068591,0.302177,-2.671956,4.188055,-4.001293,0.673003,0.693128,-0.233037,-0.111073,
131,298182001,1.477798,9.923098,-0.322096,-0.070729,0.953900,-1.720815,0.673104,0.693130,-0.232583,-0.111395,
132,298198668,1.281408,9.980739,-0.478141,1.282294,-4.501343,-0.994029,0.672896,0.693151,-0.232758,-0.112150,
133,298215335,1.600219,9.720140,-0.715998,2.320249,-6.553613,-0.612349,0.672520,0.693228,-0.233188,-0.113039,
134,298232002,1.808167,9.694044,-0.791886,4.109539,-4.579513,-0.773683,0.672027,0.693516,-0.233438,-0.113683,
135,298248669,1.456603,9.763660,-0.887760,4.003716,-3.864740,-0.821346,0.671568,0.693807,-0.233612,-0.114264,
136,298265336,1.218250,9.805413,-0.699965,2.252605,-8.693772,-0.049100,0.671133,0.693819,-0.234306,-0.115317,
137,298282003,1.288342,9.816511,-0.532380,1.123341,-9.865592,0.814887,0.670785,0.693671,-0.235182,-0.116441,
138,298298670,1.478684,9.736672,-0.583891,1.414827,-11.353309,1.666638,0.670370,0.693495,-0.236294,-0.117622,
139,298315337,1.520533,9.750466,-0.644600,2.372076,-10.630030,1.899125,0.669886,0.693415,-0.237375,-0.118675,
140,298332004,1.632345,9.725698,-0.675466,2.466843,-8.613398,1.844223,0.669459,0.693380,-0.238254,-0.119526,
141,298348671,1.456916,9.753298,-0.584304,2.398277,-2.170177,1.398716,0.669254,0.693465,-0.238458,-0.119771,
142,298365338,1.458023,9.783755,-0.647634,2.382320,-2.155027,1.734703,0.669057,0.693537,-0.238696,-0.119985,
143,298382005,1.457098,9.829352,-0.666654,1.824873,0.640081,1.496736,0.669009,0.693611,-0.238628,-0.119958,
144,298398672,1.508844,9.797378,-0.780664,1.548781,-0.890195,1.653588,0.668938,0.693627,-0.238720,-0.120080,
145,298415339,1.564861,9.777657,-0.809117,1.375530,-2.860618,1.135565,0.668807,0.693609,-0.238948,-0.120457,
146,298432006,1.629761,9.761472,-0.914472,0.797778,-6.117658,0.375681,0.668608,0.693502,-0.239408,-0.121259,
147,298448673,1.553003,9.738743,-0.829881,0.697325,-6.683941,-0.046577,0.668391,0.693391,-0.239878,-0.122162,
148,298465340,1.559042,9.764356,-0.767981,0.683136,-7.641768,0.196802,0.668145,0.693253,-0.240464,-0.123136,
149,298482007,1.425024,9.802127,-0.757012,0.904033,-8.191878,0.874424,0.667869,0.693101,-0.241173,-0.124092,
150,298498674,1.414784,9.743913,-0.715949,0.463993,-9.361264,1.806624,0.667614,0.692855,-0.242074,-0.125081,
151,298515341,1.452744,9.744936,-0.691381,0.349184,-7.933983,2.478753,0.667429,0.692592,-0.242922,-0.125885,
152,298532008,1.507285,9.732377,-0.735882,0.369316,-5.193974,2.802126,0.667340,0.692363,-0.243551,-0.126396,
153,298548675,1.430274,9.778884,-0.675727,0.674030,-2.066779,2.588541,0.667336,0.692245,-0.243814,-0.126556,
154,298565342,1.447213,9.758995,-0.658724,0.476467,-1.948691,2.860291,0.667357,0.692094,-0.244108,-0.126703,
155,298582009,1.457460,9.748680,-0.739792,0.496099,-1.390142,3.002352,0.667396,0.691944,-0.244380,-0.126796,
156,298598676,1.480634,9.760283,-0.747422,0.703754,-1.078730,3.136269,0.667430,0.691820,-0.244624,-0.126823,
157,298615343,1.482525,9.761960,-0.766616,0.963915,-0.968826,3.159345,0.667442,0.691723,-0.244863,-0.126826,
158,298632010,1.484434,9.747911,-0.795679,1.095642,-1.682599,3.100353,0.667415,0.691628,-0.245165,-0.126899,
159,298648677,1.507109,9.738572,-0.741747,1.092439,-1.067768,3.037634,0.667409,0.691546,-0.245404,-0.126919,
160,298665344,1.617530,9.689331,-0.783341,1.480075,3.241857,2.015098,0.667497,0.691615,-0.245135,-0.126598,
161,298682011,1.469883,9.761190,-0.736586,1.773430,5.443730,1.665242,0.667629,0.691769,-0.244614,-0.126070,
162,298698678,1.502958,9.745683,-0.772924,1.697014,4.520751,1.984517,0.667741,0.691884,-0.244218,-0.125611,
163,298715345,1.475638,9.787550,-0.776711,1.619447,2.922774,2.225187,0.667807,0.691953,-0.244003,-0.125296,
164,298732012,1.494326,9.776962,-0.746935,1.302976,1.217404,2.526328,0.667850,0.691950,-0.243979,-0.125134,
165,298748679,1.503060,9.782093,-0.744161,1.328281,0.724795,2.591025,0.667876,0.691941,-0.243997,-0.125003,
166,298765346,1.527378,9.758373,-0.734188,1.439875,0.067752,2.537892,0.667866,0.691932,-0.244083,-0.124946,
167,298782013,1.496725,9.763796,-0.743794,1.606781,-0.482594,2.509616,0.667818,0.691929,-0.244223,-0.124942,
168,298798680,1.503732,9.760141,-0.757118,1.455000,-0.327868,2.579871,0.667792,0.691910,-0.244355,-0.124924,
169,298815347,1.534749,9.760649,-0.750396,1.613005,0.335366,2.618469,0.667776,0.691920,-0.244425,-0.124825,
170,298832014,1.521142,9.750145,-0.776287,1.503344,0.575588,2.550301,0.667775,0.691922,-0.244473,-0.124723,
171,298848681,1.490789,9.783889,-0.808310,1.171903,-0.717258,2.440666,0.667762,0.691875,-0.244621,-0.124764,
172,298865348,1.575048,9.762950,-0.784256,0.910768,-2.279581,2.354236,0.667718,0.691777,-0.244906,-0.124980,
173,298882015,1.545302,9.755260,-0.743740,1.033428,-1.390987,2.200125,0.667690,0.691713,-0.245094,-0.125119,
174,298898682,1.677038,9.690967,-0.808881,1.507237,3.403922,1.049064,0.667764,0.691822,-0.244710,-0.124871,
175,298915349,1.485245,9.750351,-0.729334,1.712664,4.731312,0.706789,0.667858,0.691988,-0.244164,-0.124514,
176,298932016,1.495329,9.768374,-0.771770,1.483673,3.983319,0.940261,0.667952,0.692107,-0.243718,-0.124224,
177,298948683,1.472087,9.779555,-0.752719,1.163028,2.124016,1.454103,0.668023,0.692147,-0.243488,-0.124074,
178,298965350,1.515573,9.771488,-0.755050,0.961840,0.352194,1.671811,0.668054,0.692125,-0.243453,-0.124093,
179,298982017,1.561109,9.744919,-0.731241,0.907054,-0.532911,1.542454,0.668058,0.692088,-0.243488,-0.124213,
180,298998684,1.532499,9.766318,-0.780368,0.809035,-0.590065,1.529341,0.668069,0.692040,-0.243527,-0.124345,
181,299015351,1.510300,9.754898,-0.757367,0.679642,-1.972462,1.635155,0.668046,0.691951,-0.243707,-0.124608,
182,299032018,1.515869,9.778976,-0.761497,0.751880,-3.314066,1.773827,0.667970,0.691837,-0.244040,-0.124997,
183,299048685,1.490827,9.792027,-0.782812,0.672955,-4.747353,1.932088,0.667854,0.691686,-0.244520,-0.125513,
184,299065352,1.535349,9.788995,-0.768201,-0.789973,-7.894898,1.635390,0.667768,0.691347,-0.245245,-0.126422,
185,299082019,1.514022,9.736650,-0.807240,-1.181002,-8.856606,1.491691,0.667683,0.690954,-0.246047,-0.127460,
186,299098686,1.484260,9.753378,-0.705251,-0.933634,-7.037525,1.685975,0.667639,0.690609,-0.246699,-0.128290,
187,299115353,1.509639,9.750349,-0.642821,-0.226929,-5.320103,2.206477,0.667598,0.690352,-0.247233,-0.128857,
188,299132020,1.473426,9.739923,-0.680309,0.846942,-2.153644,2.424338,0.667566,0.690247,-0.247513,-0.129056,
189,299148687,1.521437,9.738525,-0.699870,1.274674,-0.832003,2.751912,0.667544,0.690196,-0.247704,-0.129074,
190,299165354,1.480063,9.748032,-0.749841,1.555773,0.199555,2.793993,0.667532,0.690190,-0.247803,-0.128974,
191,299182021,1.536722,9.751157,-0.791943,1.667265,-1.283657,2.830299,0.667455,0.690164,-0.248059,-0.129021,
192,299198688,1.527412,9.757377,-0.822995,0.860222,-2.879418,2.424748,0.667394,0.690047,-0.248408,-0.129291,
193,299215355,1.593974,9.762059,-0.775180,1.203099,-2.729085,2.365327,0.667304,0.689967,-0.248743,-0.129540,
194,299232022,1.492911,9.778183,-0.689863,1.485428,-0.955431,2.051571,0.667242,0.689958,-0.248882,-0.129633,
195,299248689,1.494297,9.766243,-0.707336,1.617922,0.132591,2.086532,0.667208,0.689982,-0.248921,-0.129608,
196,299265356,1.493442,9.768468,-0.751064,1.823502,0.722067,2.446186,0.667181,0.690025,-0.248941,-0.129481,
197,299282023,1.491494,9.752926,-0.775946,1.807034,2.107279,2.459735,0.667207,0.690091,-0.248828,-0.129214,
198,299298690,1.540509,9.757340,-0.741683,1.771343,2.450873,2.481544,0.667249,0.690160,-0.248683,-0.128911,
199,299315357,1.540320,9.762522,-0.724719,1.900290,2.692875,2.275516,0.667282,0.690253,-0.248496,-0.128600,
200,299332024,1.521217,9.756914,-0.703886,2.058307,2.866541,2.320735,0.667307,0.690362,-0.248301,-0.128262,
201,299348691,1.533246,9.750549,-0.741246,2.456482,3.224402,2.342877,0.667303,0.690513,-0.248089,-0.127878,
202,299365358,1.532157,9.765319,-0.757816,2.406716,2.896944,2.168928,0.667291,0.690663,-0.247879,-0.127537,
203,299382025,1.521088,9.777417,-0.795910,2.299870,2.097991,2.149822,0.667260,0.690788,-0.247744,-0.127282,
204,299398692,1.536878,9.765937,-0.763662,2.006121,1.326783,2.174781,0.667232,0.690870,-0.247679,-0.127112,
205,299415359,1.502517,9.783245,-0.733619,1.739467,0.889945,2.101118,0.667213,0.690919,-0.247648,-0.127005,
206,299432026,1.547220,9.706500,-0.781371,1.670390,1.532632,2.138910,0.667224,0.690971,-0.247559,-0.126834,
207,299448693,1.544994,9.769517,-0.742505,1.687115,2.930010,1.866020,0.667279,0.691060,-0.247309,-0.126551,
208,299465360,1.538482,9.742206,-0.787522,1.633303,2.933224,2.173360,0.667345,0.691134,-0.247086,-0.126237,
209,299482027,1.520580,9.760776,-0.767010,1.591170,2.425388,2.222036,0.667399,0.691195,-0.246908,-0.125962,
210,299498694,1.541418,9.763497,-0.802351,1.426544,1.380531,2.103616,0.667430,0.691223,-0.246822,-0.125816,
211,299515361,1.541801,9.765926,-0.818462,1.225177,0.047249,1.872269,0.667428,0.691216,-0.246838,-0.125833,
212,299532028,1.604217,9.764601,-0.769221,1.091197,-0.837958,1.367609,0.667398,0.691196,-0.246892,-0.125997,
213,299548695,1.579468,9.783842,-0.778695,1.037257,-1.259261,0.995265,0.667354,0.691181,-0.246934,-0.126229,
214,299565362,1.524090,9.752407,-0.771382,0.770590,-2.391765,0.913138,0.667292,0.691117,-0.247088,-0.126605,
215,299582029,1.530361,9.735830,-0.761611,0.685607,-2.056521,0.940415,0.667251,0.691052,-0.247205,-0.126943,
216,299598696,1.515873,9.770712,-0.791838,0.665117,-2.022891,1.101532,0.667217,0.690980,-0.247334,-0.127263,
217,299615363,1.493927,9.773174,-0.783587,0.358315,-2.968947,1.027652,0.667178,0.690863,-0.247542,-0.127696,
218,299632030,1.550855,9.773989,-0.741117,0.508214,-2.880558,0.943591,0.667126,0.690764,-0.247738,-0.128126,
219,299648697,1.558802,9.737734,-0.775896,0.580877,-2.098602,0.667256,0.667089,0.690698,-0.247829,-0.128498,
220,299665364,1.530885,9.775842,-0.774198,0.383390,-1.604457,0.600368,0.667087,0.690622,-0.247868,-0.128840,
221,299682031,1.508923,9.752321,-0.796831,0.210043,-2.265200,0.431862,0.667077,0.690524,-0.247945,-0.129267,
222,299698698,1.531579,9.757843,-0.737321,0.075013,-2.266007,0.309088,0.667079,0.690421,-0.248000,-0.129702,
223,299715365,1.524473,9.775495,-0.741616,-0.071498,-2.328246,0.242712,0.667090,0.690300,-0.248062,-0.130166,
224,299732032,1.468816,9.748033,-0.749021,0.193229,-1.145976,0.489439,0.667125,0.690223,-0.248028,-0.130466,
225,299748699,1.489084,9.750559,-0.727024,0.357637,-0.130087,0.782039,0.667180,0.690162,-0.247949,-0.130652,
226,299765366,1.434141,9.752524,-0.730116,0.593834,0.260990,1.132630,0.667235,0.690124,-0.247859,-0.130742,
227,299782033,1.467950,9.747149,-0.756673,0.617695,0.585231,1.560729,0.667310,0.690082,-0.247774,-0.130751,
228,299798700,1.479188,9.759153,-0.766819,0.704612,0.611215,1.714584,0.667377,0.690040,-0.247710,-0.130746,
229,299815367,1.485422,9.778125,-0.739621,0.766710,0.683661,1.713521,0.667442,0.690006,-0.247639,-0.130730,
230,299832034,1.480986,9.769254,-0.714577,0.744478,0.666193,1.727954,0.667507,0.689967,-0.247577,-0.130721,
231,299848701,1.483515,9.756967,-0.698832,0.941388,1.131396,1.646916,0.667568,0.689961,-0.247461,-0.130662,
232,299865368,1.512521,9.752217,-0.752890,1.093477,1.061320,1.639194,0.667612,0.689969,-0.247349,-0.130601,
233,299882035,1.484727,9.761119,-0.722711,1.093848,1.281487,1.537409,0.667661,0.689983,-0.247213,-0.130535,
234,299898702,1.474823,9.772905,-0.748817,1.059642,0.975978,1.667252,0.667705,0.689984,-0.247116,-0.130486,
235,299915369,1.466454,9.766345,-0.731348,0.920962,0.147907,1.594538,0.667732,0.689958,-0.247093,-0.130534,
236,299932036,1.452132,9.758097,-0.724366,0.763470,0.105620,1.755091,0.547785,0.517966,-0.518400,-0.403617,
237,299948703,1.486165,9.764725,-0.723932,0.854600,-0.064313,1.923687,0.547799,0.517912,-0.518403,-0.403664,
238,299965370,1.464055,9.772177,-0.720117,1.081246,0.184892,2.038854,0.547822,0.517884,-0.518406,-0.403664,
239,299982037,1.497148,9.761321,-0.717390,1.119614,0.241803,2.076210,0.547848,0.517858,-0.518411,-0.403656,
240,299998704,1.496524,9.770744,-0.742510,1.070348,0.125445,1.958674,0.547861,0.517829,-0.518415,-0.403670,
241,300015371,1.527179,9.770922,-0.759472,0.884925,0.071197,1.803870,0.547879,0.517799,-0.518395,-0.403710,
242,300032038,1.509470,9.766802,-0.699112,0.799443,0.415009,1.606307,0.547915,0.517794,-0.518331,-0.403749,
243,300048705,1.494009,9.755919,-0.727216,0.771653,1.345531,1.420205,0.548010,0.517852,-0.518181,-0.403739,
244,300065372,1.472747,9.762135,-0.770438,0.849849,1.107999,1.369991,0.548076,0.517903,-0.518053,-0.403747,
245,300082039,1.444388,9.793407,-0.730745,0.775098,0.122640,1.533900,0.548083,0.517879,-0.518011,-0.403822,
246,300098706,1.466663,9.777291,-0.694351,0.801402,-0.333682,1.612441,0.548061,0.517827,-0.518010,-0.403919,
247,300115373,1.484766,9.767237,-0.660265,1.010030,-0.366236,1.643023,0.548024,0.517789,-0.518025,-0.404000,
248,300132040,1.489348,9.775231,-0.688892,1.144356,0.023801,1.615489,0.548003,0.517785,-0.518016,-0.404045,
249,300148707,1.468459,9.763306,-0.722816,1.160856,0.090655,1.658643,0.547988,0.517783,-0.518007,-0.404081,
250,300165374,1.461049,9.754636,-0.742763,1.067889,-0.522525,1.657609,0.547933,0.517735,-0.518042,-0.404171,
251,300182041,1.468021,9.764359,-0.717092,0.918875,-1.066692,1.704762,0.547852,0.517643,-0.518113,-0.404307,
252,300198708,1.476993,9.774035,-0.704125,0.845827,-1.413808,1.676191,0.547751,0.517529,-0.518203,-0.404475,
253,300215375,1.518243,9.769166,-0.695378,0.919272,-0.853364,1.592988,0.547680,0.517458,-0.518248,-0.404604,
254,300232042,1.476362,9.767108,-0.699678,1.174656,-0.109853,1.578363,0.547647,0.517454,-0.518247,-0.404657,
255,300248709,1.467636,9.768902,-0.701277,1.322646,0.304119,1.821415,0.547647,0.517467,-0.518240,-0.404649,
256,300265376,1.456453,9.771202,-0.728546,1.378328,0.272910,1.973657,0.547651,0.517472,-0.518249,-0.404625,
257,300282043,1.465029,9.768529,-0.704514,1.259844,0.078740,2.085316,0.547653,0.517446,-0.518277,-0.404620,
258,300298710,1.486991,9.754090,-0.717854,1.311492,-0.238646,1.999974,0.547625,0.517414,-0.518324,-0.404637,
259,300315377,1.484780,9.749381,-0.726188,1.237983,0.002350,1.853021,0.547610,0.517400,-0.518339,-0.404656,
260,300332044,1.488199,9.776369,-0.724047,1.196580,-0.073291,1.638771,0.547579,0.517392,-0.518344,-0.404703,
261,300348711,1.491382,9.770481,-0.707498,1.102428,-0.559548,1.411240,0.547505,0.517366,-0.518363,-0.404811,
262,300365378,1.457382,9.778133,-0.718299,1.122150,-0.790357,1.395514,0.547413,0.517331,-0.518399,-0.404935,
263,300382045,1.494953,9.773375,-0.742787,1.037628,-0.763886,1.455013,0.547330,0.517282,-0.518436,-0.405061,
264,300398712,1.474182,9.784466,-0.722885,0.972956,-0.746623,1.355494,0.547249,0.517239,-0.518458,-0.405197,
265,300415379,1.466341,9.775739,-0.727047,0.842254,-0.726210,1.324938,0.547179,0.517191,-0.518468,-0.405343,
266,300432046,1.476682,9.755104,-0.723560,0.800647,-0.801665,1.301695,0.547104,0.517136,-0.518479,-0.405499,
267,300448713,1.479921,9.769221,-0.703136,0.940018,-0.562122,1.091517,0.547025,0.517123,-0.518463,-0.405642,
268,300465380,1.434886,9.769180,-0.717398,0.873668,-0.461093,1.230633,0.546967,0.517100,-0.518445,-0.405772,
269,300482047,1.428241,9.772402,-0.693846,0.871876,-0.441832,1.436815,0.546922,0.517062,-0.518443,-0.405885,
270,300498714,1.433638,9.772470,-0.682046,0.758975,-0.840519,1.563098,0.546862,0.516981,-0.518475,-0.406027,
271,300515381,1.457477,9.757266,-0.711630,0.760307,-1.166787,1.584139,0.546780,0.516881,-0.518533,-0.406190,
272,300532048,1.508356,9.783259,-0.722729,0.659022,-1.200283,1.526051,0.546699,0.516774,-0.518585,-0.406370,
273,300548715,1.484936,9.774074,-0.682099,0.786598,-0.332427,1.411599,0.546667,0.516737,-0.518567,-0.406483,
274,300565382,1.475434,9.774765,-0.705066,0.769143,-0.163729,1.334466,0.546645,0.516715,-0.518528,-0.406591,
275,300582049,1.430901,9.777476,-0.714824,0.696761,-0.484080,1.251135,0.546599,0.516675,-0.518503,-0.406735,
276,300598716,1.443356,9.775797,-0.705814,0.583694,-0.649551,1.257475,0.546551,0.516617,-0.518484,-0.406897,
277,300615383,1.445804,9.760323,-0.702058,0.495190,-0.712289,1.381222,0.546510,0.516536,-0.518477,-0.407064,
278,300632050,1.444316,9.780819,-0.716947,0.602033,-0.612041,1.328844,0.546465,0.516474,-0.518464,-0.407219,
279,300648717,1.451103,9.759763,-0.698176,0.565548,-1.337431,1.175219,0.546362,0.516380,-0.518492,-0.407441,
280,300665384,1.457699,9.780845,-0.693614,0.612047,-1.133657,1.128464,0.546265,0.516303,-0.518506,-0.407650,
281,300682051,1.434307,9.778719,-0.696691,0.747244,-0.680273,1.132741,0.546194,0.516264,-0.518491,-0.407814,
282,300698718,1.439197,9.773611,-0.698355,0.626864,-0.282495,1.118654,0.546156,0.516235,-0.518443,-0.407964,
283,300715385,1.406751,9.790240,-0.721450,0.479655,-1.103369,1.127657,0.546074,0.516151,-0.518443,-0.408179,
284,300732052,1.414710,9.783957,-0.729868,0.615057,-3.373910,1.254004,0.545815,0.515931,-0.518645,-0.408546,
285,300748719,1.483790,9.783855,-0.664344,0.556903,-3.150593,1.267348,0.545579,0.515720,-0.518825,-0.408900,
286,300765386,1.420529,9.801638,-0.664582,0.661813,-2.267287,1.199654,0.545397,0.515573,-0.518938,-0.409185,
287,300782053,1.392189,9.779392,-0.715532,0.670009,-1.612934,1.043135,0.545254,0.515478,-0.518987,-0.409433,
288,300798720,1.450700,9.770226,-0.700600,0.265559,-2.658214,1.110829,0.545067,0.515283,-0.519100,-0.409784,
289,300815387,1.419317,9.793859,-0.715774,0.378754,-1.902550,0.963210,0.544919,0.515154,-0.519148,-0.410082,
290,300832054,1.433020,9.769061,-0.698589,0.402292,-1.652083,1.067300,0.544795,0.515033,-0.519186,-0.410351,
291,300848721,1.445665,9.777404,-0.662857,0.562000,-1.313509,1.003935,0.544680,0.514950,-0.519201,-0.410587,
292,300865388,1.416374,9.761086,-0.622917,0.911652,-0.306482,0.943578,0.544612,0.514959,-0.519154,-0.410727,
293,300882055,1.412025,9.785304,-0.638563,1.203470,0.439879,1.081823,0.544586,0.515025,-0.519075,-0.410778,
294,300898722,1.346413,9.777213,-0.668735,1.428004,0.756401,1.430809,0.544589,0.515104,-0.519009,-0.410759,
295,300915389,1.360831,9.769718,-0.687102,1.330896,0.692026,1.666533,0.544609,0.515152,-0.518960,-0.410734,
296,300932056,1.368036,9.768009,-0.697838,1.154409,0.510442,1.977166,0.544646,0.515152,-0.518939,-0.410711,
297,300948723,1.408239,9.768116,-0.681275,1.187475,0.895951,2.203672,0.544724,0.515161,-0.518906,-0.410639,
298,300965390,1.405548,9.773364,-0.658190,1.433459,1.337975,2.293431,0.544822,0.515209,-0.518859,-0.410507,
299,300982057,1.392734,9.775665,-0.651540,1.575110,1.812374,2.500292,0.544958,0.515280,-0.518799,-0.410314,
300,300998724,1.387626,9.787162,-0.671154,1.669340,1.966165,2.643096,0.545107,0.515357,-0.518742,-0.410090,
301,301015391,1.409209,9.787112,-0.666591,1.638073,1.820845,2.794038,0.545255,0.515412,-0.518708,-0.409869,
302,301032058,1.422811,9.779276,-0.682055,1.665460,2.061867,2.707653,0.545415,0.515490,-0.518648,-0.409632,
303,301048725,1.440307,9.783737,-0.664442,1.700011,2.018197,2.647489,0.545565,0.515573,-0.518590,-0.409403,
304,301065392,1.441263,9.771490,-0.675046,1.634737,2.076492,2.479175,0.545714,0.515665,-0.518511,-0.409187,
305,301082059,1.430386,9.780573,-0.663107,1.848744,2.427053,2.372268,0.545868,0.515805,-0.518408,-0.408936,
306,301098726,1.420543,9.766543,-0.672141,1.864547,2.560854,2.432150,0.546033,0.515948,-0.518301,-0.408670,
307,301115393,1.408096,9.767196,-0.676654,1.937261,2.708549,2.654711,0.546218,0.516090,-0.518202,-0.408370,
308,301132060,1.415415,9.775970,-0.671693,1.985862,2.692132,2.885444,0.546411,0.516216,-0.518125,-0.408049,
309,301148727,1.433037,9.773107,-0.689627,2.060907,2.640355,2.957607,0.546600,0.516342,-0.518061,-0.407719,
310,301165394,1.396167,9.784118,-0.702385,1.941154,2.274516,3.055486,0.546778,0.516431,-0.518024,-0.407415,
311,301182061,1.432488,9.771441,-0.678832,1.935584,1.320495,2.913310,0.546875,0.516473,-0.518052,-0.407195,
312,301198728,1.475014,9.780625,-0.653276,1.852009,1.201831,2.766524,0.546960,0.516511,-0.518074,-0.407003,
313,301215395,1.497963,9.781024,-0.695407,1.994544,1.727314,2.570510,0.547056,0.516598,-0.518058,-0.406786,
314,301232062,1.469649,9.787152,-0.706818,2.134838,2.089029,2.349446,0.547161,0.516742,-0.517995,-0.406540,
315,301248729,1.465271,9.796569,-0.698404,2.066119,1.728211,2.256703,0.547238,0.516865,-0.517953,-0.406336,
316,301265396,1.451612,9.771407,-0.701036,1.975194,1.252608,2.194823,0.547283,0.516958,-0.517936,-0.406177,
317,301282063,1.444594,9.771035,-0.740288,1.919601,0.747808,2.192261,0.547295,0.517019,-0.517955,-0.406059,
318,301298730,1.453748,9.773941,-0.701309,1.833307,0.503121,2.223604,0.547297,0.517055,-0.517991,-0.405964,
319,301315397,1.463164,9.770380,-0.712437,1.823822,0.832189,2.304291,0.547326,0.517101,-0.518011,-0.405843,
320,301332064,1.449543,9.773003,-0.698200,1.813757,0.913586,2.227185,0.547358,0.517157,-0.518016,-0.405721,
321,301348731,1.454777,9.755489,-0.714395,1.787069,1.215470,2.305213,0.547419,0.517222,-0.518003,-0.405574,
322,301365398,1.455205,9.779731,-0.724453,1.770830,1.397845,2.273415,0.547497,0.517305,-0.517965,-0.405410,
323,301382065,1.476130,9.773130,-0.729185,1.651385,1.409793,2.349498,0.547587,0.517369,-0.517929,-0.405252,
324,301398732,1.469370,9.774192,-0.736943,1.543453,1.176193,2.133646,0.547657,0.517431,-0.517886,-0.405134,
325,301415399,1.488886,9.779637,-0.724650,1.488399,0.633729,1.998232,0.547674,0.517455,-0.517884,-0.405083,
326,301432066,1.464724,9.776328,-0.712310,1.363447,0.158869,1.803627,0.547660,0.517465,-0.517888,-0.405083,
327,301448733,1.480513,9.781668,-0.717532,1.351320,-0.047601,1.613274,0.547626,0.517484,-0.517886,-0.405107,
328,301465400,1.471654,9.779857,-0.702852,1.338846,0.124561,1.579734,0.547602,0.517512,-0.517870,-0.405124,
329,301482067,1.452565,9.767123,-0.712400,1.197554,0.215691,1.620957,0.547593,0.517524,-0.517849,-0.405149,
330,301498734,1.452438,9.765187,-0.706278,1.275954,0.375463,1.607293,0.547587,0.517551,-0.517820,-0.405159,
331,301515401,1.440142,9.764585,-0.704535,1.225459,0.183214,1.655983,0.547583,0.517570,-0.517795,-0.405171,
332,301532068,1.443683,9.773507,-0.714379,1.261842,0.157115,1.743937,0.547571,0.517574,-0.517792,-0.405187,
333,301548735,1.465364,9.769608,-0.685085,1.192611,0.090496,1.813424,0.547565,0.517566,-0.517793,-0.405205,
334,301565402,1.446780,9.757552,-0.703759,1.210847,0.392995,1.907576,0.547585,0.517568,-0.517779,-0.405192,
335,301582069,1.446367,9.775081,-0.718122,1.217212,0.236604,1.943280,0.547596,0.517560,-0.517780,-0.405187,
336,301598736,1.460523,9.764494,-0.716204,1.226752,0.077869,1.960108,0.547592,0.517538,-0.517800,-0.405196,
337,301615403,1.473606,9.794390,-0.723450,1.157163,-0.149770,1.898112,0.547575,0.517505,-0.517825,-0.405229,
338,301632070,1.485784,9.788435,-0.725429,1.132702,-0.026522,1.756961,0.547557,0.517483,-0.517833,-0.405270,
339,301648737,1.489557,9.754478,-0.729430,1.152245,-0.305060,1.520876,0.547506,0.517469,-0.517842,-0.405345,
340,301665404,1.479600,9.778272,-0.706054,1.114453,-0.119061,1.376151,0.547463,0.517474,-0.517823,-0.405421,
341,301682071,1.477334,9.779889,-0.703379,1.100970,0.009612,1.421136,0.547430,0.517475,-0.517803,-0.405490,
342,301698738,1.445620,9.773343,-0.714978,1.127797,0.204665,1.495557,0.547417,0.517491,-0.517769,-0.405531,
343,301715405,1.449004,9.769987,-0.686098,1.069196,0.110359,1.514818,0.547401,0.517491,-0.517743,-0.405586,
344,301732072,1.450346,9.768681,-0.728384,1.090032,0.301545,1.635300,0.547407,0.517499,-0.517708,-0.405610,
345,301748739,1.434724,9.782523,-0.726988,1.074254,-0.115936,1.635543,0.547384,0.517483,-0.517705,-0.405667,
346,301765406,1.476145,9.768332,-0.687271,0.988477,-0.396626,1.446010,0.547331,0.517452,-0.517711,-0.405771,
347,301782073,1.464345,9.777953,-0.718923,0.977835,-0.384639,1.315257,0.547274,0.517433,-0.517702,-0.405883,
348,301798740,1.460554,9.769498,-0.709656,1.014116,-0.454779,1.189230,0.547205,0.517426,-0.517687,-0.406004,
349,301815407,1.425460,9.775924,-0.711852,0.987197,-0.262953,1.325809,0.547153,0.517409,-0.517675,-0.406111,
350,301832074,1.425188,9.771577,-0.685330,1.000925,-0.252695,1.420218,0.547116,0.517399,-0.517658,-0.406195,
351,301848741,1.435531,9.784279,-0.719061,0.812825,-0.425401,1.494687,0.547078,0.517350,-0.517657,-0.406310,
352,301865408,1.452964,9.765033,-0.690759,0.866676,-0.077478,1.587110,0.547069,0.517320,-0.517638,-0.406385,
353,301882075,1.441324,9.756344,-0.695439,1.029060,0.214987,1.609432,0.547072,0.517320,-0.517605,-0.406423,
354,301898742,1.416144,9.757551,-0.697251,1.106065,0.309933,1.638873,0.547077,0.517330,-0.517572,-0.406446,
355,301915409,1.428992,9.771641,-0.706658,1.091658,-0.049842,1.831430,0.547068,0.517302,-0.517580,-0.406482,
356,301932076,1.451872,9.769324,-0.701293,1.133586,-0.112773,1.832966,0.547051,0.517273,-0.517597,-0.406520,
357,301948743,1.457371,9.789637,-0.688574,1.147058,-0.229426,1.720872,0.547010,0.517238,-0.517625,-0.406585,
358,301965410,1.458860,9.769423,-0.708832,1.133023,-0.543527,1.602145,0.546947,0.517201,-0.517659,-0.406673,
359,301982077,1.447308,9.771012,-0.721074,1.087880,-1.211391,1.500770,0.546821,0.517116,-0.517748,-0.406837,
360,301998744,1.447977,9.773695,-0.698960,0.877702,-1.470937,1.272215,0.546690,0.517031,-0.517814,-0.407039,
361,302015411,1.452606,9.768811,-0.687883,0.718801,-1.212415,1.265248,0.546591,0.516952,-0.517846,-0.407231,
362,302032078,1.417346,9.788736,-0.725637,0.633754,-1.402731,1.331226,0.546486,0.516847,-0.517896,-0.407441,
363,302048745,1.423127,9.772901,-0.694466,0.504884,-1.821038,1.338411,0.546360,0.516707,-0.517972,-0.407691,
364,302065412,1.445342,9.756311,-0.686878,0.567541,-1.681344,1.316642,0.546239,0.516581,-0.518039,-0.407928,
365,302082079,1.434341,9.762815,-0.658608,0.755158,-0.862610,1.348669,0.546164,0.516513,-0.518057,-0.408091,
366,302098746,1.429875,9.786216,-0.670031,0.817961,-0.325345,1.309161,0.546124,0.516487,-0.518032,-0.408209,
367,302115413,1.380802,9.773475,-0.711420,1.020455,-0.590347,1.395809,0.546051,0.516451,-0.518051,-0.408329,
368,302132080,1.446100,9.761456,-0.676471,1.048731,-0.571253,1.236997,0.545970,0.516433,-0.518054,-0.408455,
369,302148747,1.458187,9.781150,-0.707229,1.246192,-0.782301,1.317063,0.545865,0.516415,-0.518089,-0.408573,
370,302165414,1.352585,9.807507,-0.686256,1.385013,-0.155994,1.288748,0.545788,0.516437,-0.518091,-0.408646,
371,302182081,1.413235,9.781341,-0.706882,1.167753,-0.481788,1.524935,0.545725,0.516416,-0.518113,-0.408731,
372,302198748,1.383084,9.767256,-0.689910,0.927903,-0.899877,1.692173,0.545659,0.516340,-0.518164,-0.408849,
373,302215415,1.399228,9.765685,-0.681447,0.805270,-0.985948,1.773712,0.545599,0.516239,-0.518225,-0.408980,
374,302232082,1.396308,9.774658,-0.695293,0.936266,-0.854581,1.770971,0.545537,0.516155,-0.518284,-0.409094,
375,302248749,1.418985,9.784960,-0.665806,1.013027,-1.008385,1.850614,0.545463,0.516063,-0.518365,-0.409206,
376,302265416,1.453354,9.797077,-0.672444,0.770885,-0.945057,1.831878,0.545410,0.515956,-0.518426,-0.409333,
377,302282083,1.387612,9.779267,-0.713011,0.922704,-0.771595,1.810402,0.545352,0.515865,-0.518489,-0.409446,
378,302298750,1.443622,9.773805,-0.692012,1.170827,-0.730231,1.872128,0.545290,0.515803,-0.518556,-0.409521,
379,302315417,1.399109,9.773923,-0.699514,1.114428,-0.219386,1.856825,0.545267,0.515763,-0.518584,-0.409568,
380,302332084,1.426102,9.764200,-0.680297,1.121177,-0.155162,1.851830,0.545251,0.515733,-0.518601,-0.409605,
381,302348751,1.386597,9.780183,-0.661313,1.286609,0.141824,1.831891,0.545243,0.515734,-0.518604,-0.409609,
382,302365418,1.414728,9.763044,-0.685627,1.294690,0.215729,1.860974,0.545238,0.515732,-0.518610,-0.409612,
383,302382085,1.408437,9.768496,-0.690767,1.401328,0.608090,1.927772,0.545260,0.515760,-0.518593,-0.409568,
384,302398752,1.397135,9.796641,-0.696224,1.431795,0.790734,1.983044,0.545293,0.515791,-0.518573,-0.409510,
385,302415419,1.378132,9.772082,-0.657613,1.481304,1.136993,2.188253,0.545366,0.515838,-0.518538,-0.409399,
386,302432086,1.388936,9.774318,-0.650783,1.440436,1.093209,2.321847,0.545446,0.515869,-0.518513,-0.409284,
387,302448753,1.405000,9.771661,-0.664718,1.754527,1.335401,2.485335,0.545527,0.515922,-0.518506,-0.409119,
388,302465420,1.409305,9.783419,-0.685962,1.796007,1.576442,2.772735,0.545643,0.515975,-0.518499,-0.408907,
389,302482087,1.415849,9.764605,-0.674720,2.062085,1.942384,2.948617,0.545777,0.516058,-0.518491,-0.408632,
390,302498754,1.417652,9.798579,-0.696986,2.188202,2.099428,2.992172,0.545917,0.516157,-0.518482,-0.408332,
391,302515421,1.434867,9.782945,-0.687717,2.099083,1.270640,2.915129,0.545992,0.516201,-0.518533,-0.408113,
392,302532088,1.449393,9.777567,-0.667549,2.254116,1.335376,2.729501,0.546055,0.516283,-0.518565,-0.407883,
393,302548755,1.449481,9.776402,-0.691466,2.219885,1.300120,2.534562,0.546104,0.516371,-0.518587,-0.407678,
394,302565422,1.446712,9.776726,-0.701949,2.262735,1.368941,2.488242,0.546153,0.516471,-0.518602,-0.407466,
395,302582089,1.444625,9.764771,-0.708999,2.103244,1.427761,2.430447,0.546212,0.516561,-0.518602,-0.407272,
396,302598756,1.418465,9.774240,-0.744635,1.931665,1.177999,2.341315,0.546262,0.516634,-0.518602,-0.407112,
397,302615423,1.464192,9.770263,-0.727081,1.789950,0.966143,2.222933,0.546288,0.516677,-0.518617,-0.407005,
398,302632090,1.465635,9.769827,-0.681013,1.723946,1.026013,1.943959,0.546322,0.516758,-0.518583,-0.406900,
399,302648757,1.452088,9.757734,-0.714813,1.439991,0.820753,1.763735,0.546354,0.516822,-0.518531,-0.406842,
400,302665424,1.450369,9.790049,-0.726687,1.256360,0.367818,1.599122,0.546352,0.516851,-0.518497,-0.406851,
401,302682091,1.438649,9.780739,-0.694577,1.311787,0.344126,1.644713,0.546341,0.516873,-0.518479,-0.406861,
402,302698758,1.453078,9.767950,-0.716928,1.375152,0.291722,1.665959,0.546328,0.516903,-0.518462,-0.406860,
403,302715425,1.431314,9.771486,-0.703315,1.375280,0.502387,1.685245,0.546332,0.516942,-0.518432,-0.406845,
404,302732092,1.443471,9.795765,-0.706156,1.365663,0.475916,1.671619,0.546327,0.516973,-0.518410,-0.406840,
405,302748759,1.455095,9.773607,-0.711185,1.202580,0.489484,1.690349,0.546351,0.517008,-0.518361,-0.406827,
406,302765426,1.455851,9.765877,-0.736082,1.065290,0.246298,1.685911,0.546357,0.517005,-0.518335,-0.406855,
407,302782093,1.436161,9.755386,-0.713389,1.149133,-0.190699,1.554697,0.546314,0.516992,-0.518340,-0.406922,
408,302798760,1.431445,9.776336,-0.708439,1.146047,-0.112939,1.602349,0.546273,0.516970,-0.518352,-0.406990,
409,302815427,1.436671,9.768167,-0.705571,1.350952,0.066501,1.666161,0.546241,0.516979,-0.518358,-0.407014,
410,302832094,1.424990,9.769759,-0.702188,1.282357,-0.084368,1.693633,0.546207,0.516976,-0.518369,-0.407049,
411,302848761,1.436582,9.763885,-0.713237,1.272932,0.018294,1.917578,0.546192,0.516955,-0.518395,-0.407064,
412,302865428,1.429544,9.794922,-0.747213,1.132613,-0.422366,1.836373,0.546150,0.516907,-0.518437,-0.407126,
413,302882095,1.417711,9.792490,-0.681702,1.101865,-0.987280,1.903978,0.546074,0.516819,-0.518527,-0.407227,
414,302898762,1.473807,9.764895,-0.712734,1.124558,-0.155636,1.758203,0.546052,0.516795,-0.518538,-0.407271,
415,302915429,1.465428,9.762380,-0.726452,1.051958,-0.031119,1.613402,0.546034,0.516780,-0.518528,-0.407328,
416,302932096,1.439450,9.779767,-0.710058,1.042456,0.046148,1.450595,0.546008,0.516777,-0.518504,-0.407398,
417,302948763,1.434071,9.770874,-0.701059,1.022683,-0.042363,1.484608,0.545984,0.516770,-0.518482,-0.407466,
418,302965430,1.414907,9.775137,-0.703218,0.987325,0.107042,1.530775,0.545977,0.516766,-0.518450,-0.407522,
419,302982097,1.440247,9.755973,-0.696351,0.999504,0.187184,1.551380,0.545976,0.516766,-0.518413,-0.407569,
420,302998764,1.436148,9.757362,-0.689536,1.126581,0.449650,1.563713,0.545988,0.516793,-0.518363,-0.407584,
421,303015431,1.413988,9.763097,-0.699581,1.190075,0.931054,1.595063,0.546029,0.516846,-0.518285,-0.407561,
422,303032098,1.395780,9.762388,-0.683661,1.297655,0.957019,1.820500,0.546079,0.516895,-0.518225,-0.407507,
423,303048765,1.409588,9.768589,-0.691420,1.316973,0.864409,1.930832,0.546124,0.516926,-0.518188,-0.407455,
424,303065432,1.434292,9.770968,-0.701326,1.420627,0.967155,2.072036,0.546181,0.516966,-0.518153,-0.407371,
425,303082099,1.427072,9.762367,-0.696285,1.510387,1.268066,2.034308,0.546253,0.517036,-0.518096,-0.407259,
426,303098766,1.424874,9.774873,-0.695625,1.636914,1.191240,2.076133,0.546307,0.517102,-0.518062,-0.407147,
427,303115433,1.423342,9.780777,-0.719364,1.655522,1.095449,2.063442,0.546352,0.517164,-0.518036,-0.407041,
428,303132100,1.438753,9.782799,-0.698513,1.670358,1.094751,2.084758,0.546402,0.517233,-0.518004,-0.406925,
429,303148767,1.435196,9.768396,-0.704008,1.690829,0.991500,1.956701,0.546429,0.517300,-0.517981,-0.406834,
430,303165434,1.434177,9.773390,-0.708783,1.665331,0.656370,1.930064,0.546433,0.517348,-0.517980,-0.406770,
431,303182101,1.448490,9.786791,-0.721547,1.570577,0.557121,1.826371,0.546436,0.517399,-0.517964,-0.406720,
432,303198768,1.434163,9.778907,-0.710230,1.465909,0.147135,1.776636,0.546413,0.517418,-0.517973,-0.406716,
433,303215435,1.429298,9.771070,-0.701376,1.482687,-0.080911,1.910240,0.546367,0.517402,-0.518025,-0.406730,
434,303232102,1.423134,9.781406,-0.698071,1.505329,-0.108944,1.843685,0.546325,0.517405,-0.518062,-0.406737,
435,303248769,1.424333,9.785581,-0.694943,1.542672,-0.088710,1.885268,0.546281,0.517405,-0.518107,-0.406740,
436,303265436,1.430185,9.781286,-0.718848,1.553954,-0.192812,2.018235,0.546236,0.517389,-0.518170,-0.406739,
437,303282103,1.441129,9.779343,-0.729906,1.343124,-0.459633,1.977345,0.546187,0.517348,-0.518236,-0.406774,
438,303298770,1.442953,9.772207,-0.723380,1.246577,-0.615883,1.974195,0.546136,0.517294,-0.518305,-0.406824,
439,303315437,1.456742,9.773866,-0.714218,1.270896,-0.359743,1.834350,0.546084,0.517254,-0.518357,-0.406878,
440,303332104,1.431961,9.770370,-0.699994,1.368250,-0.009310,1.740069,0.546049,0.517253,-0.518375,-0.406901,
441,303348771,1.428115,9.746896,-0.716521,1.328960,0.222491,1.850076,0.546048,0.517264,-0.518373,-0.406892,
442,303365438,1.422791,9.783167,-0.694441,1.421806,0.360992,1.992278,0.546050,0.517269,-0.518387,-0.406866,
443,303382105,1.430204,9.800380,-0.727281,1.282844,0.251190,1.888828,0.546049,0.517265,-0.518392,-0.406865,
444,303398772,1.429288,9.773341,-0.705157,0.989399,0.239139,2.084919,0.546084,0.517227,-0.518391,-0.406868,
445,303415439,1.424658,9.756846,-0.700965,1.108742,0.507432,2.109456,0.546129,0.517209,-0.518381,-0.406842,
446,303432106,1.415252,9.758679,-0.680836,1.416824,0.737537,2.306891,0.546178,0.517211,-0.518389,-0.406763,
447,303448773,1.418183,9.775941,-0.708183,1.628052,0.916390,2.399020,0.546241,0.517248,-0.518389,-0.406634,
448,303465440,1.428598,9.761983,-0.719132,1.736118,1.061096,2.558798,0.546302,0.517272,-0.518412,-0.406491,
449,303482107,1.454754,9.761102,-0.691982,1.838742,1.148505,2.537162,0.546366,0.517317,-0.518427,-0.406328,
450,303498774,1.470775,9.766031,-0.690127,1.916003,1.370619,2.594112,0.546442,0.517375,-0.518436,-0.406142,
451,303515441,1.454995,9.771299,-0.697969,1.959493,1.504573,2.510896,0.546517,0.517447,-0.518433,-0.405952,
452,303532108,1.445503,9.766073,-0.704246,1.848808,1.343598,2.442600,0.546591,0.517514,-0.518423,-0.405779,
453,303548775,1.457035,9.780178,-0.710835,1.898561,1.521157,2.561801,0.546687,0.517594,-0.518404,-0.405572,
454,303565442,1.457304,9.768535,-0.686144,1.809557,1.656546,2.361190,0.546789,0.517690,-0.518354,-0.405378,
455,303582109,1.482591,9.768766,-0.711591,1.875532,1.784525,2.359000,0.546883,0.517783,-0.518312,-0.405184,
456,303598776,1.462031,9.780226,-0.713172,1.829534,1.648632,2.198780,0.546966,0.517885,-0.518259,-0.405010,
457,303615443,1.443679,9.772103,-0.713140,1.811349,1.923315,2.266282,0.547081,0.518003,-0.518181,-0.404804,
458,303632110,1.448856,9.761841,-0.696288,1.938990,2.078874,2.356913,0.547187,0.518111,-0.518127,-0.404591,
459,303648777,1.441490,9.764373,-0.720649,2.108700,2.267192,2.507695,0.547318,0.518253,-0.518059,-0.404319,
460,303665444,1.456250,9.753166,-0.705455,2.259642,2.499979,2.698682,0.547464,0.518403,-0.517999,-0.404006,
461,303682111,1.453377,9.759424,-0.725289,2.218168,2.423954,2.877324,0.547618,0.518531,-0.517956,-0.403688,
462,303698778,1.456970,9.762589,-0.750329,2.050252,1.747868,2.859549,0.547707,0.518576,-0.517988,-0.403468,
463,303715445,1.486010,9.772488,-0.739891,1.963783,0.745131,2.592460,0.547735,0.518605,-0.518044,-0.403320,
464,303732112,1.506918,9.761582,-0.716398,2.026535,0.661019,2.290922,0.547729,0.518649,-0.518096,-0.403206,
465,303748779,1.505776,9.771776,-0.722495,2.031785,0.971752,2.128127,0.547750,0.518742,-0.518092,-0.403062,
466,303765446,1.464548,9.763307,-0.749667,1.976359,1.125992,2.103642,0.547797,0.518857,-0.518057,-0.402896,
467,303782113,1.494345,9.755717,-0.738326,1.969290,0.888793,2.072471,0.547783,0.518905,-0.518091,-0.402809,
468,303798780,1.466690,9.755760,-0.763252,1.848219,0.504794,1.984542,0.547778,0.518972,-0.518099,-0.402720,
469,303815447,1.505665,9.764329,-0.750875,1.752555,-0.078208,1.839383,0.547724,0.519003,-0.518141,-0.402699,
470,303832114,1.519084,9.783418,-0.717723,1.795226,0.303338,1.625632,0.547672,0.519062,-0.518153,-0.402678,
471,303848781,1.485059,9.750016,-0.762565,1.741491,0.593235,1.599430,0.547650,0.519143,-0.518130,-0.402633,
472,303865448,1.467089,9.756101,-0.735123,1.802141,0.716048,1.623582,0.547629,0.519227,-0.518109,-0.402580,
473,303882115,1.448541,9.764990,-0.734856,1.692660,0.551217,1.857631,0.547623,0.519283,-0.518105,-0.402521,
474,303898782,1.461978,9.765311,-0.757378,1.601133,0.276688,1.999449,0.547610,0.519302,-0.518130,-0.402481,
475,303915449,1.471257,9.787254,-0.761824,1.616987,0.249205,2.175895,0.547604,0.519308,-0.518173,-0.402428,
476,303932116,1.510591,9.730571,-0.770168,1.501013,0.352130,2.090118,0.547613,0.519321,-0.518189,-0.402378,
477,303948783,1.512622,9.746694,-0.742025,1.422882,0.466785,1.973888,0.547628,0.519342,-0.518184,-0.402336,
478,303965450,1.509920,9.769772,-0.744044,1.511976,0.945710,1.857858,0.547665,0.519405,-0.518140,-0.402262,
479,303982117,1.485760,9.777337,-0.722447,1.501346,1.279297,1.865584,0.547727,0.519485,-0.518070,-0.402165,
480,303998784,1.488824,9.760878,-0.755281,1.566953,1.123187,2.021821,0.547783,0.519551,-0.518025,-0.402059,
481,304015451,1.470766,9.748647,-0.765385,1.498605,0.852230,1.954665,0.547816,0.519596,-0.518000,-0.401991,
482,304032118,1.494368,9.766140,-0.767596,1.464067,0.883068,2.129562,0.547857,0.519618,-0.517990,-0.401917,
483,304048785,1.499993,9.778396,-0.749525,1.491613,1.131870,1.975463,0.547912,0.519676,-0.517944,-0.401828,
484,304065452,1.489277,9.746196,-0.751989,1.476553,1.408385,2.049509,0.547991,0.519740,-0.517883,-0.401715,
485,304082119,1.476637,9.758725,-0.741986,1.570257,1.540661,2.129561,0.548083,0.519822,-0.517815,-0.401571,
486,304098786,1.450324,9.764063,-0.740411,1.728979,1.629153,2.283686,0.548178,0.519909,-0.517763,-0.401397,
487,304115453,1.461993,9.755502,-0.731201,1.770612,1.567235,2.428807,0.548275,0.519985,-0.517727,-0.401211,
488,304132120,1.487442,9.759537,-0.726682,1.793676,1.502127,2.511434,0.548370,0.520053,-0.517705,-0.401023,
489,304148787,1.515794,9.758666,-0.744034,1.860871,1.929347,2.626243,0.548497,0.520141,-0.517662,-0.400789,
490,304165454,1.494946,9.759206,-0.765022,1.902377,2.304368,2.758469,0.548660,0.520248,-0.517599,-0.400510,
491,304182121,1.501384,9.761516,-0.742217,2.033027,2.868975,2.770686,0.548855,0.520396,-0.517499,-0.400178,
492,304198788,1.503929,9.744345,-0.764365,2.039354,3.201582,2.861893,0.549078,0.520553,-0.517384,-0.399818,
493,304215455,1.500479,9.767797,-0.751399,2.151371,3.446388,2.982516,0.549319,0.520728,-0.517262,-0.399416,
494,304232122,1.496967,9.774340,-0.771429,2.222690,3.557304,3.266343,0.549580,0.520893,-0.517156,-0.398979,
495,304248789,1.485236,9.758031,-0.793279,2.188163,3.242895,3.198661,0.549815,0.521041,-0.517070,-0.398574,
496,304265456,1.476966,9.759672,-0.780929,1.801988,1.339000,2.974896,0.549926,0.521069,-0.517092,-0.398356,
497,304282123,1.594063,9.748387,-0.756908,1.572562,0.021739,2.647566,0.549933,0.521022,-0.517185,-0.398286,
498,304298790,1.577475,9.766728,-0.733137,1.817958,0.872951,2.305892,0.549967,0.521072,-0.517197,-0.398158,
499,304315457,1.573545,9.747326,-0.762690,1.876610,1.227764,1.821697,0.549995,0.521182,-0.517148,-0.398039,
500,304332124,1.527615,9.766990,-0.750470,1.776542,1.050550,1.714418,0.550009,0.521281,-0.517101,-0.397951,
501,304348791,1.536826,9.755484,-0.784485,1.652009,0.885170,1.803146,0.550025,0.521352,-0.517068,-0.397878,
502,304365458,1.531017,9.746166,-0.791076,1.626285,0.785471,1.826320,0.550039,0.521416,-0.517040,-0.397811,
503,304382125,1.516417,9.765848,-0.774576,1.611570,0.849810,1.796456,0.550056,0.521485,-0.517005,-0.397742,
504,304398792,1.533327,9.747662,-0.758189,1.761571,0.969857,1.799081,0.550072,0.521573,-0.516968,-0.397653,
505,304415459,1.514117,9.754443,-0.757529,1.710832,0.773881,1.832749,0.550078,0.521642,-0.516948,-0.397580,
506,304432126,1.504544,9.756647,-0.767487,1.646122,-0.010424,1.789630,0.550028,0.521665,-0.516983,-0.397576,
507,304448793,1.517694,9.754924,-0.748675,1.635774,0.042690,1.907282,0.549990,0.521681,-0.517021,-0.397557,
508,304465460,1.535030,9.752688,-0.750422,1.677702,0.191026,1.946443,0.549962,0.521706,-0.517053,-0.397521,
509,304482127,1.535892,9.751962,-0.768926,1.664883,0.347801,1.859232,0.549941,0.521745,-0.517066,-0.397483,
510,304498794,1.522210,9.751021,-0.761630,1.720309,0.593696,1.912494,0.549937,0.521798,-0.517067,-0.397417,
511,304515461,1.530275,9.764431,-0.786050,1.709526,0.803643,1.915695,0.549951,0.521864,-0.517049,-0.397334,
512,304532128,1.519414,9.763709,-0.807693,1.610789,0.680971,2.004520,0.549968,0.521908,-0.517042,-0.397262,
513,304548795,1.525442,9.757653,-0.773412,1.533464,0.628683,1.905707,0.549981,0.521949,-0.517028,-0.397207,
514,304565462,1.515433,9.743417,-0.792131,1.438313,0.595092,1.836975,0.549995,0.521987,-0.517006,-0.397168,
515,304582129,1.557735,9.771952,-0.766014,1.389457,0.325531,1.798607,0.549990,0.522007,-0.517000,-0.397156,
516,304598796,1.554209,9.750000,-0.768686,1.470841,0.651414,1.649912,0.549995,0.522065,-0.516960,-0.397124,
517,304615463,1.530271,9.769901,-0.766033,1.472967,0.943706,1.625312,0.550020,0.522141,-0.516896,-0.397073,
518,304632130,1.505253,9.749029,-0.779310,1.438723,1.069862,1.617205,0.550056,0.522220,-0.516821,-0.397017,
519,304648797,1.509425,9.753574,-0.761256,1.499732,1.181379,1.643625,0.550097,0.522310,-0.516742,-0.396945,
520,304665464,1.515001,9.751729,-0.777660,1.426211,1.147955,1.803973,0.550151,0.522381,-0.516673,-0.396867,
521,304682131,1.532267,9.753965,-0.775241,1.444460,1.501179,1.726815,0.550227,0.522480,-0.516569,-0.396766,
522,304698798,1.539712,9.748855,-0.769276,1.500552,1.842430,1.589172,0.550316,0.522612,-0.516432,-0.396648,
523,304715465,1.531747,9.753213,-0.765230,1.505278,2.166444,1.592873,0.550429,0.522765,-0.516268,-0.396502,
524,304732132,1.540898,9.746937,-0.761827,1.639676,2.360486,1.556724,0.550544,0.522940,-0.516096,-0.396337,
525,304748799,1.531836,9.754972,-0.755887,1.557912,2.707205,1.675935,0.550698,0.523121,-0.515899,-0.396140,
526,304765466,1.492075,9.749776,-0.780896,1.598828,3.041169,1.849846,0.550883,0.523310,-0.515691,-0.395903,
527,304782133,1.536726,9.773065,-0.787348,1.526728,2.777140,1.959301,0.551061,0.523471,-0.515508,-0.395680,
528,304798800,1.527293,9.791948,-0.765614,0.703331,2.435684,2.173411,0.551288,0.523530,-0.515322,-0.395529,
529,304815467,1.495297,9.760504,-0.742302,0.652669,2.329020,2.146798,0.551509,0.523580,-0.515139,-0.395392,
530,304832134,1.540799,9.722355,-0.773618,1.015768,2.857667,2.361177,0.551755,0.523675,-0.514951,-0.395169,
531,304848801,1.514888,9.753314,-0.761523,1.329984,3.167554,2.204786,0.551991,0.523824,-0.514744,-0.394913,
532,304865468,1.496868,9.763225,-0.751141,1.359810,3.086285,2.351329,0.552227,0.523959,-0.514556,-0.394648,
533,304882135,1.511058,9.742549,-0.799879,1.428926,2.785746,2.556577,0.552446,0.524068,-0.514412,-0.394384,
534,304898802,1.548445,9.740810,-0.788641,1.417849,1.721167,2.480327,0.552583,0.524120,-0.514346,-0.394209,
535,304915469,1.573074,9.743480,-0.762330,1.571448,1.756935,2.434621,0.552708,0.524190,-0.514283,-0.394023,
536,304932136,1.565943,9.754789,-0.753947,1.664179,1.689356,2.257702,0.552810,0.524276,-0.514218,-0.393849,
537,304948803,1.539870,9.747723,-0.754067,1.748444,1.713688,2.144020,0.552902,0.524379,-0.514147,-0.393677,
538,304965470,1.511676,9.766155,-0.716975,1.578184,0.505908,2.239517,0.552921,0.524392,-0.514171,-0.393601,
539,304982137,1.583045,9.749048,-0.854664,1.613030,0.696659,2.168928,0.552947,0.524424,-0.514176,-0.393515,
540,304998804,1.595948,9.748741,-0.859011,1.259613,0.043343,1.917258,0.552938,0.524409,-0.514194,-0.393525,
541,305015471,1.536799,9.766654,-0.808538,1.278464,0.423179,1.778476,0.552947,0.524427,-0.514172,-0.393515,
542,305032138,1.583965,9.744757,-0.775181,1.182481,0.572169,1.727173,0.552973,0.524451,-0.514128,-0.393505,
543,305048805,1.544461,9.755406,-0.782328,1.171160,0.479591,1.680443,0.552989,0.524472,-0.514088,-0.393507,
544,305065472,1.545769,9.746716,-0.783490,1.248357,0.400192,1.717658,0.552996,0.524491,-0.514061,-0.393507,
545,305082139,1.492642,9.774431,-0.811214,1.036373,-1.668155,1.436277,0.552848,0.524396,-0.514167,-0.393702,
546,305098806,1.491015,9.785575,-0.844034,0.292619,-5.884365,0.962749,0.552415,0.524035,-0.514533,-0.394313,
547,305115473,1.607628,9.759952,-0.741008,0.307416,-6.987796,0.648738,0.551879,0.523635,-0.514965,-0.395032,
548,305132140,1.580504,9.750694,-0.771734,0.536631,-6.016859,0.261077,0.551375,0.523338,-0.515301,-0.395690,
549,305148807,1.492268,9.739634,-0.898383,0.594887,-6.682137,-0.116102,0.550795,0.523034,-0.515665,-0.396424,
550,305165474,1.613879,9.769403,-0.760947,-0.086904,-8.121519,-0.423788,0.550140,0.522616,-0.516080,-0.397343,
551,305182141,1.484187,9.796141,-0.749726,0.409336,-6.352091,-0.194938,0.549593,0.522322,-0.516400,-0.398071,
552,305198808,1.579200,9.737440,-0.776898,0.404725,-4.407587,-0.178469,0.549193,0.522138,-0.516565,-0.398651,
553,305215475,1.485949,9.764622,-0.794883,0.519099,-3.651667,-0.061663,0.548848,0.521999,-0.516683,-0.399153,
554,305232142,1.462084,9.748804,-0.758739,0.926251,-1.648254,0.284154,0.548638,0.521977,-0.516698,-0.399452,
555,305248809,1.439462,9.750031,-0.794942,0.855330,-1.502530,0.725512,0.548476,0.521932,-0.516723,-0.399702,
556,305265476,1.466720,9.762629,-0.747196,0.972572,-0.888377,1.012438,0.548364,0.521906,-0.516731,-0.399878,
557,305282143,1.461277,9.728054,-0.843389,0.899422,-1.210968,1.150772,0.548243,0.521846,-0.516770,-0.400072,
558,305298810,1.452213,9.782013,-0.746183,0.930695,-1.449307,1.368621,0.548115,0.521760,-0.516845,-0.400261,
559,305315477,1.477424,9.745621,-0.781576,1.077212,-0.884842,1.381171,0.548020,0.521719,-0.516883,-0.400396,
560,305332144,1.484417,9.751830,-0.759632,1.147084,-0.105230,1.441783,0.547981,0.521723,-0.516870,-0.400462,
561,305348811,1.482649,9.761138,-0.765764,1.065303,0.005872,1.507198,0.547960,0.521720,-0.516848,-0.400523,
562,305365478,1.474876,9.792645,-0.763206,0.951544,-0.040468,1.450018,0.547936,0.521706,-0.516824,-0.400604,
563,305382145,1.491210,9.782457,-0.764200,0.897040,-0.038201,1.322800,0.547913,0.521702,-0.516783,-0.400695,
564,305398812,1.479302,9.745882,-0.760718,0.981434,0.181997,1.257564,0.547901,0.521728,-0.516717,-0.400762,
565,305415479,1.466658,9.741797,-0.759608,0.931335,0.547401,1.325400,0.547919,0.521759,-0.516632,-0.400806,
566,305432146,1.452559,9.763852,-0.745341,1.037449,0.682995,1.252416,0.547936,0.521814,-0.516535,-0.400836,
567,305448813,1.420503,9.763021,-0.777179,1.000669,0.493525,1.503677,0.547957,0.521836,-0.516470,-0.400864,
568,305465480,1.445494,9.777338,-0.717079,0.880827,-0.306520,1.547244,0.547927,0.521797,-0.516466,-0.400959,
569,305482147,1.464909,9.746824,-0.739723,0.914127,-0.405256,1.628777,0.547889,0.521744,-0.516484,-0.401058,
570,305498814,1.468926,9.768704,-0.766492,1.009787,-0.156212,1.876598,0.547882,0.521701,-0.516499,-0.401104,
571,305515481,1.455570,9.750108,-0.738260,0.965375,0.264458,1.874971,0.547908,0.521678,-0.516480,-0.401123,
572,305532148,1.451007,9.768689,-0.745709,1.140130,0.584808,2.018915,0.547953,0.521675,-0.516458,-0.401095,
573,305548815,1.448476,9.762661,-0.752665,1.061781,0.507970,2.041633,0.548005,0.521667,-0.516430,-0.401068,
574,305565482,1.468631,9.770404,-0.784420,0.921308,-0.108764,1.958879,0.548010,0.521610,-0.516447,-0.401115,
575,305582149,1.477159,9.784975,-0.758506,0.767376,-0.641893,1.724074,0.547974,0.521529,-0.516477,-0.401230,
576,305598816,1.461985,9.777551,-0.756755,0.694175,-1.197535,1.442001,0.547887,0.521432,-0.516524,-0.401414,
577,305615483,1.492026,9.756976,-0.742606,0.717380,-1.305825,1.337399,0.547782,0.521337,-0.516576,-0.401615,
578,305632150,1.468302,9.761003,-0.752993,0.724679,-0.567757,1.202203,0.547725,0.521297,-0.516557,-0.401768,
579,305648817,1.478744,9.743977,-0.752879,0.812582,-0.263849,1.180329,0.547682,0.521282,-0.516519,-0.401895,
580,305665484,1.425966,9.775871,-0.738148,0.917863,-0.372729,1.314130,0.547632,0.521260,-0.516504,-0.402010,
581,305682151,1.427393,9.768456,-0.764241,0.977579,-0.816277,1.408974,0.547552,0.521213,-0.516533,-0.402144,
582,305698818,1.414581,9.755268,-0.758799,0.726293,-1.621015,1.489667,0.547433,0.521091,-0.516619,-0.402354,
583,305715485,1.469740,9.761017,-0.772286,0.732056,-1.746428,1.415492,0.547303,0.520970,-0.516707,-0.402575,
584,305732152,1.472358,9.777086,-0.719881,0.829883,-1.181988,1.421831,0.547209,0.520891,-0.516754,-0.402743,
585,305748819,1.423469,9.744490,-0.738950,0.945448,-0.662459,1.539432,0.547148,0.520838,-0.516781,-0.402860,
586,305765486,1.419887,9.774672,-0.731717,0.945922,-0.722867,1.600326,0.547088,0.520778,-0.516816,-0.402975,
587,305782153,1.420032,9.781971,-0.727938,0.955296,-0.538878,1.809301,0.547052,0.520714,-0.516852,-0.403059,
588,305798820,1.430323,9.772143,-0.763954,0.950673,-0.842453,1.915593,0.546999,0.520621,-0.516924,-0.403160,
589,305815487,1.466406,9.775975,-0.751661,0.803938,-1.057331,1.796904,0.546935,0.520516,-0.516991,-0.403295,
590,305832154,1.462736,9.754950,-0.729865,0.836223,-0.801754,1.739583,0.546883,0.520430,-0.517039,-0.403416,
591,305848821,1.465966,9.757504,-0.731912,0.852423,-0.589886,1.797249,0.546852,0.520358,-0.517071,-0.403510,
592,305865488,1.443801,9.772198,-0.737866,1.064560,-0.043160,1.628534,0.546831,0.520340,-0.517066,-0.403568,
593,305882155,1.427505,9.758623,-0.739077,1.032218,0.068155,1.836405,0.546835,0.520312,-0.517064,-0.403601,
594,305898822,1.414009,9.770758,-0.767567,0.906325,-0.192095,1.765502,0.546826,0.520267,-0.517067,-0.403666,
595,305915489,1.441975,9.783138,-0.749994,0.905531,-0.401389,1.865648,0.546805,0.520198,-0.517099,-0.403744,
596,305932156,1.455422,9.765073,-0.720037,0.882594,-0.345784,1.746651,0.546791,0.520151,-0.517105,-0.403817,
597,305948823,1.445364,9.774407,-0.716323,1.015742,-0.328880,1.674590,0.546757,0.520112,-0.517120,-0.403893,
598,305965490,1.447417,9.758683,-0.712626,1.111073,0.047800,1.915030,0.546753,0.520077,-0.517136,-0.403922,
599,305982157,1.452053,9.771221,-0.719920,1.229237,0.275292,1.905169,0.546756,0.520066,-0.517141,-0.403926,
600,305998824,1.421188,9.771908,-0.745271,1.186323,0.378344,1.934150,0.546780,0.520065,-0.517128,-0.403913,
601,306015491,1.429919,9.769409,-0.757519,1.055429,0.056751,1.917399,0.546788,0.520036,-0.517131,-0.403935,
602,306032158,1.453282,9.760808,-0.713951,1.134367,0.117582,1.943229,0.546793,0.520009,-0.517141,-0.403950,
603,306048825,1.435632,9.777142,-0.720303,1.101417,0.208647,1.915209,0.546810,0.519994,-0.517133,-0.403956,
604,306065492,1.441629,9.754736,-0.696264,1.102544,0.401767,1.955703,0.546843,0.519986,-0.517115,-0.403946,
605,306082159,1.452034,9.763205,-0.698529,1.236844,0.884093,2.001152,0.546908,0.520018,-0.517064,-0.403880,
606,306098826,1.433587,9.763906,-0.711880,1.215060,0.928364,2.089490,0.546975,0.520034,-0.517026,-0.403817,
607,306115493,1.424012,9.772921,-0.746531,1.315078,0.760345,2.021758,0.547022,0.520057,-0.516998,-0.403761,
608,306132160,1.440430,9.765435,-0.733913,1.232451,0.440378,1.976052,0.547045,0.520055,-0.516991,-0.403742,
609,306148827,1.444538,9.777150,-0.739711,1.220420,0.540121,1.954749,0.547077,0.520062,-0.516971,-0.403715,
610,306165494,1.427044,9.761886,-0.735133,1.243874,0.683071,1.867953,0.547114,0.520087,-0.516933,-0.403681,
611,306182161,1.437289,9.756020,-0.757326,1.290797,0.664707,1.941283,0.547150,0.520108,-0.516905,-0.403640,
612,306198828,1.442318,9.797836,-0.718488,1.399536,0.869045,1.826986,0.547190,0.520162,-0.516855,-0.403581,
613,306215495,1.437044,9.757492,-0.707504,1.413341,1.028766,1.869682,0.547239,0.520220,-0.516801,-0.403508,
614,306232162,1.435848,9.758303,-0.721007,1.481535,1.166486,1.959724,0.547299,0.520284,-0.516746,-0.403414,
615,306248829,1.442967,9.759701,-0.726008,1.510299,1.160293,2.081867,0.547365,0.520343,-0.516702,-0.403307,
616,306265496,1.449779,9.765460,-0.742246,1.513346,0.975658,2.178648,0.547421,0.520381,-0.516681,-0.403207,
617,306282163,1.453271,9.771632,-0.746451,1.420410,0.809124,2.146402,0.547471,0.520408,-0.516664,-0.403128,
618,306298830,1.448547,9.775419,-0.741462,1.487118,0.747564,2.128819,0.547515,0.520442,-0.516649,-0.403044,
619,306315497,1.454710,9.775888,-0.729417,1.483904,0.520738,2.056373,0.547528,0.520456,-0.516658,-0.402995,
620,306332164,1.432123,9.786587,-0.716660,1.506673,0.303978,2.137194,0.547533,0.520460,-0.516685,-0.402949,
621,306348831,1.462352,9.756142,-0.727428,1.461838,0.307641,2.050662,0.547535,0.520465,-0.516706,-0.402914,
622,306365498,1.452596,9.762023,-0.733926,1.519877,0.413575,2.054158,0.547543,0.520483,-0.516718,-0.402864,
623,306382165,1.456180,9.771717,-0.723299,1.466154,0.207405,1.985183,0.547535,0.520491,-0.516738,-0.402838,
624,306398832,1.459171,9.773543,-0.742075,1.486734,0.141312,1.929834,0.547515,0.520496,-0.516765,-0.402825,
625,306415499,1.461798,9.775253,-0.741540,1.438557,0.266302,1.960505,0.547513,0.520508,-0.516775,-0.402798,
626,306432166,1.461123,9.767378,-0.754965,1.459060,0.283654,2.018326,0.547512,0.520513,-0.516795,-0.402768,
627,306448833,1.449077,9.764182,-0.744689,1.459982,0.278224,2.009195,0.547503,0.520512,-0.516822,-0.402747,
628,306465500,1.448508,9.753498,-0.739682,1.431961,0.106197,2.035269,0.547492,0.520504,-0.516854,-0.402730,
629,306482167,1.462919,9.758701,-0.734720,1.487451,0.176683,2.010552,0.547477,0.520503,-0.516886,-0.402710,
630,306498834,1.453357,9.757315,-0.765601,1.496492,0.433642,2.044643,0.547487,0.520521,-0.516896,-0.402662,
631,306515501,1.448774,9.767540,-0.738712,1.501256,0.452506,1.933765,0.547492,0.520549,-0.516895,-0.402620,
632,306532168,1.463539,9.768352,-0.746061,1.367955,0.064819,1.937991,0.547477,0.520541,-0.516920,-0.402619,
633,306548835,1.450171,9.777133,-0.744970,1.437161,0.416354,1.823592,0.547476,0.520568,-0.516912,-0.402596,
634,306565502,1.447102,9.769109,-0.756252,1.386896,0.778223,1.954242,0.547522,0.520613,-0.516871,-0.402526,
635,306582169,1.446587,9.767748,-0.745312,1.453194,0.859300,2.019926,0.547564,0.520652,-0.516845,-0.402453,
636,306598836,1.448402,9.771990,-0.763517,1.462645,0.809982,2.069064,0.547603,0.520682,-0.516829,-0.402381,
637,306615503,1.447993,9.768114,-0.750316,1.368775,0.865062,2.141523,0.547661,0.520708,-0.516804,-0.402302,
638,306632170,1.450901,9.789435,-0.751630,1.442344,0.678476,2.060326,0.547697,0.520737,-0.516788,-0.402234,
639,306648837,1.465168,9.797254,-0.758484,1.285533,0.374541,2.036716,0.547719,0.520737,-0.516788,-0.402205,
640,306665504,1.476701,9.758184,-0.749440,1.323619,0.449650,1.874190,0.547735,0.520756,-0.516771,-0.402180,
641,306682171,1.469202,9.753772,-0.768583,1.382990,0.527193,1.758152,0.547738,0.520785,-0.516752,-0.402163,